Name,Year,OvPck,RdPck,Rnd,Tm,Pos,DT,FrRnd,Signed,Bonus,WAR,G,AB,HR,BA,OPS,Type,Drafted Out of
Bubba Starling(minors),2011,5,5,1,Royals,OF,0.0,FrRnd,Y,"$7,500,000 ",-1.8,91.0,245.0,5.0,0.204,0.544,HS,"Gardner-Edgerton HS (Gardner, KS)"
Anthony Rendon(minors),2011,6,6,1,Nationals,3B,0.0,FrRnd,Y,"$6,000,000 ",33.1,1071.0,3992.0,156.0,0.285,0.848,4Yr,"Rice University (Houston, TX)"
Francisco Lindor(minors),2011,8,8,1,Indians,SS,0.0,FrRnd,Y,"$2,900,000 ",33.2,983.0,3904.0,171.0,0.275,0.814,HS,"Montverde Academy (Montverde, FL)"
Javier Baez(minors),2011,9,9,1,Cubs,SS,0.0,FrRnd,Y,"$2,625,000 ",23.7,930.0,3301.0,156.0,0.26,0.769,HS,"Arlington Country Day School (Jacksonville, FL)"
*Cory Spangenberg(minors),2011,10,10,1s,Padres,2B,0.0,FrRnd,Y,"$1,863,000 ",4.7,419.0,1250.0,29.0,0.256,0.704,JC,"Indian River State College (Fort Pierce, FL)"
George Springer(minors),2011,11,11,1,Astros,OF,0.0,FrRnd,Y,"$2,525,000 ",32.3,947.0,3660.0,211.0,0.268,0.853,4Yr,"University of Connecticut (Storrs, CT)"
Brandon Nimmo(minors),2011,13,13,1,Mets,OF,0.0,FrRnd,Y,"$2,100,000 ",14.7,531.0,1674.0,54.0,0.268,0.831,HS,"East HS (Cheyenne, WY)"
C.J. Cron(minors),2011,17,17,1,Angels,1B,0.0,FrRnd,Y,"$1,467,000 ",13.4,910.0,3156.0,166.0,0.265,0.808,4Yr,"University of Utah (Salt Lake City, UT)"
Kolten Wong(minors),2011,22,22,1,Cardinals,2B,0.0,FrRnd,Y,"$1,300,000 ",20.7,1029.0,3349.0,73.0,0.261,0.727,4Yr,"University of Hawaii at Manoa (Honolulu, HI)"
*Blake Swihart(minors),2011,26,26,1,Red Sox via Rangers,C,0.0,FrRnd,Y,"$2,500,000 ",-0.3,234.0,639.0,12.0,0.243,0.656,HS,"V Sue Cleveland HS (Rio Rancho, NM)"
Joe Panik(minors),2011,29,29,1,Giants,SS,0.0,FrRnd,Y,"$1,116,000 ",5.4,818.0,2778.0,42.0,0.264,0.7,4Yr,"St. John's University (Queens, NY)"
Levi Michael(minors),2011,30,30,1,Twins,SS,0.0,FrRnd,Y,"$1,175,000 ",0.0,0.0,0.0,0.0,0.0,0.0,4Yr,"University of North Carolina at Chapel Hill (Chapel Hill, NC)"
*Mikie Mahtook(minors),2011,31,31,1,Rays via Yankees,OF,0.0,FrRnd,Y,"$1,150,000 ",0.3,291.0,884.0,33.0,0.235,0.697,4Yr,"Louisiana State University (Baton Rouge, LA)"
Jake Hager(minors),2011,32,32,1,Rays,SS,0.0,FrRnd,Y,"$963,000 ",-0.1,42.0,76.0,0.0,0.197,0.531,HS,"Sierra Vista HS (Las Vegas, NV)"
*Brian Goodwin(minors),2011,34,34,1s,Nationals,OF,0.0,FrRnd,Y,"$3,000,000 ",1.5,429.0,1244.0,50.0,0.244,0.757,4Yr,"Miami Dade College, Kendall Campus (Miami, FL)"
*Jacob Anderson(minors),2011,35,35,1s,Blue Jays,OF,0.0,FrRnd,Y,"$990,000 ",0.0,0.0,0.0,0.0,0.0,0.0,HS,"Chino HS (Chino, CA)"
*Zach Cone(minors),2011,37,37,1s,Rangers,OF,0.0,FrRnd,Y,"$873,000 ",0.0,0.0,0.0,0.0,0.0,0.0,4Yr,"University of Georgia (Athens, GA)"
*Brandon Martin(minors),2011,38,38,1s,Rays,SS,0.0,FrRnd,Y,"$860,000 ",0.0,0.0,0.0,0.0,0.0,0.0,HS,"Santiago HS (Corona, CA)"
*Larry Greene(minors),2011,39,39,1s,Phillies,OF,0.0,FrRnd,Y,"$1,000,000 ",0.0,0.0,0.0,0.0,0.0,0.0,HS,"Berrien County HS (Nashville, GA)"
*Jackie Bradley Jr.(minors),2011,40,40,1s,Red Sox,OF,0.0,FrRnd,Y,"$1,100,000 ",17.4,1080.0,3507.0,105.0,0.229,0.697,4Yr,"University of South Carolina (Columbia, SC)"
*Tyler Goeddel(minors),2011,41,41,1s,Rays,3B,0.0,FrRnd,Y,"$1,500,000 ",-1.2,92.0,213.0,4.0,0.193,0.549,HS,"St. Francis HS (Mountain View, CA)"
*Trevor Story(minors),2011,45,45,1s,Rockies,SS,0.0,FrRnd,Y,"$915,000 ",28.9,820.0,3107.0,172.0,0.268,0.85,HS,"Irving HS (Irving, TX)"
*Keenyn Walker(minors),2011,47,47,1s,White Sox,OF,0.0,FrRnd,Y,"$795,000 ",0.0,0.0,0.0,0.0,0.0,0.0,JC,"Central Arizona College (Coolidge, AZ)"
*Travis Harrison(minors),2011,50,50,1s,Twins,3B,0.0,FrRnd,Y,"$1,050,000 ",0.0,0.0,0.0,0.0,0.0,0.0,HS,"Tustin HS (Tustin, CA)"
*Dante Bichette(minors),2011,51,51,1s,Yankees,3B,0.0,FrRnd,Y,"$750,000 ",0.0,0.0,0.0,0.0,0.0,0.0,HS,"Orangewood Christian HS (Maitland, FL)"
*Dwight Smith Jr.(minors),2011,53,53,1s,Blue Jays,OF,0.0,FrRnd,Y,"$800,000 ",-0.8,169.0,512.0,17.0,0.248,0.726,HS,"McIntosh HS (Peachtree City, GA)"
*Brett Austin(minors),2011,54,54,1s,Padres,C,0.0,FrRnd,N,0,0.0,0.0,0.0,0.0,0.0,0.0,HS,"Providence HS (Charlotte, NC)"
*Kes Carter(minors),2011,56,56,1s,Rays,OF,0.0,FrRnd,Y,"$625,000 ",0.0,0.0,0.0,0.0,0.0,0.0,4Yr,"Western Kentucky University (Bowling Green, KY)"
*Jace Peterson(minors),2011,58,58,1s,Padres,SS,0.0,FrRnd,Y,"$624,600 ",3.6,700.0,1925.0,35.0,0.232,0.668,4Yr,"McNeese State University (Lake Charles, LA)"
*James Harris(minors),2011,60,60,1s,Rays,OF,0.0,FrRnd,Y,"$490,000 ",0.0,0.0,0.0,0.0,0.0,0.0,HS,"Oakland Technical HS (Oakland, CA)"
Bryce Harper(minors),2010,1,1,1,Nationals,OF,0.0,FrRnd,Y,"$6,250,000 ",42.7,1347.0,4799.0,282.0,0.281,0.919,JC,"College of Southern Nevada (Henderson, NV)"
Manny Machado(minors),2010,3,3,1,Orioles,SS,0.0,FrRnd,Y,"$5,250,000 ",49.1,1367.0,5367.0,263.0,0.282,0.831,HS,"Brito Miami Private School (Miami, FL)"
Christian Colon(minors),2010,4,4,1,Royals,SS,0.0,FrRnd,Y,"$2,750,000 ",1.1,161.0,378.0,1.0,0.249,0.622,4Yr,"California State University, Fullerton (Fullerton, CA)"
Delino DeShields(minors),2010,8,8,1,Astros,CF,0.0,FrRnd,Y,"$2,150,000 ",5.1,601.0,1828.0,19.0,0.246,0.669,HS,"Woodward Academy (College Park, GA)"
Michael Choice(minors),2010,10,10,1,Athletics,CF,0.0,FrRnd,Y,"$2,000,000 ",-2.0,96.0,272.0,9.0,0.188,0.573,4Yr,"University of Texas at Arlington (Arlington, TX)"
Yasmani Grandal(minors),2010,12,12,1,Reds,C,0.0,FrRnd,Y,"$2,000,000 ",20.6,1068.0,3406.0,174.0,0.238,0.793,4Yr,"University of Miami (Coral Gables, FL)"
*Jake Skole(minors),2010,15,15,1s,Rangers,CF,0.0,FrRnd,Y,"$1,557,000 ",0.0,0.0,0.0,0.0,0.0,0.0,HS,"Blessed Trinity Catholic HS (Roswell, GA)"
Josh Sale(minors),2010,17,17,1,Rays,RF,0.0,FrRnd,Y,"$1,620,000 ",0.0,0.0,0.0,0.0,0.0,0.0,HS,"Bishop Blanchet HS (Seattle, WA)"
*Kolbrin Vitek(minors),2010,20,20,1,Red Sox via Braves,2B,0.0,FrRnd,Y,"$1,359,000 ",0.0,0.0,0.0,0.0,0.0,0.0,4Yr,"Ball State University (Muncie, IN)"
Kellin Deglan(minors),2010,22,22,1,Rangers,C,0.0,FrRnd,Y,"$1,000,000 ",0.0,0.0,0.0,0.0,0.0,0.0,HS,"R. E. Mountain Secondary (Langley, BC)"
Christian Yelich(minors),2010,23,23,1,Marlins,1B,0.0,FrRnd,Y,"$1,700,000 ",34.9,1176.0,4447.0,168.0,0.289,0.848,HS,"Westlake HS (Westlake Village, CA)"
Gary Brown(minors),2010,24,24,1,Giants,CF,0.0,FrRnd,Y,"$1,450,000 ",0.1,7.0,7.0,0.0,0.429,0.857,4Yr,"California State University, Fullerton (Fullerton, CA)"
Zack Cox(minors),2010,25,25,1,Cardinals,3B,0.0,FrRnd,Y,"$2,000,000 ",0.0,0.0,0.0,0.0,0.0,0.0,4Yr,"University of Arkansas (Fayetteville, AR)"
Kyle Parker(minors),2010,26,26,1,Rockies,RF,0.0,FrRnd,Y,"$1,400,000 ",-1.6,64.0,132.0,3.0,0.182,0.513,4Yr,"Clemson University (Clemson, SC)"
Chevy Clarke(minors),2010,30,30,1,Angels,CF,0.0,FrRnd,Y,"$1,089,000 ",0.0,0.0,0.0,0.0,0.0,0.0,HS,"Marietta HS (Marietta, GA)"
*Justin O'Conner(minors),2010,31,31,1s,Rays,C,0.0,FrRnd,Y,"$1,025,000 ",0.0,0.0,0.0,0.0,0.0,0.0,HS,"Cowan HS (Muncie, IN)"
*Mike Kvasnicka(minors),2010,33,33,1s,Astros,C,0.0,FrRnd,Y,"$936,000 ",0.0,0.0,0.0,0.0,0.0,0.0,4Yr,"University of Minnesota (Minneapolis, MN)"
*Matt Lipka(minors),2010,35,35,1s,Braves,SS,0.0,FrRnd,Y,"$800,000 ",0.0,0.0,0.0,0.0,0.0,0.0,HS,"McKinney HS (McKinney, TX)"
*Bryce Brentz(minors),2010,36,36,1s,Red Sox,LF,0.0,FrRnd,Y,"$889,200 ",0.0,34.0,87.0,1.0,0.287,0.69,4Yr,"Middle Tennessee State University (Murfreesboro, TN)"
*Taylor Lindsey(minors),2010,37,37,1s,Angels,SS,0.0,FrRnd,Y,"$873,000 ",0.0,0.0,0.0,0.0,0.0,0.0,HS,"Desert Mountain HS (Scottsdale, AZ)"
*Ryan Bolden(minors),2010,40,40,1s,Angels,CF,0.0,FrRnd,Y,"$829,800 ",0.0,0.0,0.0,0.0,0.0,0.0,HS,"Madison Central HS (Madison, MS)"
*Drew Vettleson(minors),2010,42,42,1s,Rays,RF,0.0,FrRnd,Y,"$845,000 ",0.0,0.0,0.0,0.0,0.0,0.0,HS,"Central Kitsap HS (Silverdale, WA)"
*Nick Castellanos(minors),2010,44,44,1s,Tigers,3B,0.0,FrRnd,Y,"$3,450,000 ",11.6,1167.0,4424.0,176.0,0.276,0.805,HS,"Archbishop McCarthy HS (Southwest Ranches, FL)"
*Mike Olt(minors),2010,49,49,1s,Rangers,3B,0.0,FrRnd,Y,"$717,300 ",-1.7,135.0,352.0,16.0,0.168,0.58,4Yr,"University of Connecticut (Storrs, CT)"
Carlos Correa(minors),2012,1,1,1,Astros,SS,0.0,FrRnd,Y,"$4,800,000 ",36.0,812.0,3054.0,142.0,0.278,0.836,HS,"Puerto Rico Baseball Academy (Gurabo, Puerto Rico)"
Byron Buxton(minors),2012,2,2,1,Twins,OF,0.0,FrRnd,Y,"$6,000,000 ",18.9,555.0,1845.0,92.0,0.246,0.775,HS,"Appling County HS (Baxley, GA)"
Mike Zunino(minors),2012,3,3,1,Mariners,C,0.0,FrRnd,Y,"$4,000,000 ",10.1,850.0,2674.0,146.0,0.2,0.681,4Yr,"University of Florida (Gainesville, FL)"
Albert Almora(minors),2012,6,6,1,Cubs,OF,0.0,FrRnd,Y,"$3,900,000 ",2.7,580.0,1429.0,33.0,0.264,0.69,HS,"Mater Academy Charter School (Hialeah, FL)"
David Dahl(minors),2012,10,10,1,Rockies,OF,0.0,FrRnd,Y,"$2,600,000 ",0.6,327.0,1143.0,42.0,0.272,0.781,HS,"Oak Mountain HS (Birmingham, AL)"
Addison Russell(minors),2012,11,11,1,Athletics,SS,0.0,FrRnd,Y,"$2,625,000 ",11.3,615.0,1987.0,60.0,0.242,0.704,HS,"Pace HS (Pace, FL)"
Gavin Cecchini(minors),2012,12,12,1,Mets,SS,0.0,FrRnd,Y,"$2,300,000 ",-0.5,36.0,83.0,1.0,0.217,0.571,HS,"Alfred M. Barbe HS (Lake Charles, LA)"
Courtney Hawkins(minors),2012,13,13,1,White Sox,OF,0.0,FrRnd,Y,"$2,475,000 ",0.0,0.0,0.0,0.0,0.0,0.0,HS,"Mary Carroll HS (Corpus Christi, TX)"
Tyler Naquin(minors),2012,15,15,1,Indians,OF,0.0,FrRnd,Y,"$1,750,000 ",4.0,491.0,1487.0,55.0,0.271,0.779,4Yr,"Texas A&M University (College Station, TX)"
D.J. Davis(minors),2012,17,17,1,Blue Jays,OF,0.0,FrRnd,Y,"$1,750,000 ",0.0,0.0,0.0,0.0,0.0,0.0,HS,"Stone County HS (Wiggins, MS)"
Corey Seager(minors),2012,18,18,1,Dodgers,SS,0.0,FrRnd,Y,"$2,350,000 ",22.9,712.0,2719.0,119.0,0.289,0.853,HS,"Northwest Cabarrus HS (Concord, NC)"
James Ramsey(minors),2012,23,23,1,Cardinals,OF,0.0,FrRnd,Y,"$1,600,000 ",0.0,0.0,0.0,0.0,0.0,0.0,4Yr,"Florida State University (Tallahassee, FL)"
Deven Marrero(minors),2012,24,24,1,Red Sox,SS,0.0,FrRnd,Y,"$2,050,000 ",-0.2,173.0,335.0,6.0,0.194,0.534,4Yr,"Arizona State University (Tempe, AZ)"
Richie Shaffer(minors),2012,25,25,1,Rays,3B,0.0,FrRnd,Y,"$1,710,000 ",0.0,51.0,122.0,5.0,0.213,0.72,4Yr,"Clemson University (Clemson, SC)"
Stryker Trahan(minors),2012,26,26,1,Diamondbacks,C,0.0,FrRnd,Y,"$1,700,000 ",0.0,0.0,0.0,0.0,0.0,0.0,HS,"Acadiana HS (Lafayette, LA)"
*Clint Coulter(minors),2012,27,27,1,Brewers via Tigers,C,0.0,FrRnd,Y,"$1,675,000 ",0.0,0.0,0.0,0.0,0.0,0.0,HS,"Union HS (Camas, WA)"
Victor Roache(minors),2012,28,28,1,Brewers,OF,0.0,FrRnd,Y,"$1,525,000 ",0.0,0.0,0.0,0.0,0.0,0.0,4Yr,"Georgia Southern University (Statesboro, GA)"
Lewis Brinson(minors),2012,29,29,1,Rangers,OF,0.0,FrRnd,Y,"$1,625,000 ",-3.4,341.0,1035.0,25.0,0.199,0.57,HS,"Coral Springs HS (Coral Springs, FL)"
*Daniel Robertson(minors),2012,34,34,1s,Athletics,SS,0.0,FrRnd,Y,"$1,500,000 ",2.2,299.0,801.0,18.0,0.227,0.683,HS,"Upland HS (Upland, CA)"
*Kevin Plawecki(minors),2012,35,35,1s,Mets,C,0.0,FrRnd,Y,"$1,400,000 ",2.9,412.0,1173.0,22.0,0.232,0.655,4Yr,"Purdue University (West Lafayette, IN)"
*Stephen Piscotty(minors),2012,36,36,1s,Cardinals,3B,0.0,FrRnd,Y,"$1,430,000 ",7.0,703.0,2449.0,89.0,0.258,0.758,4Yr,"Stanford University (Palo Alto, CA)"
*Mitch Haniger(minors),2012,38,38,1s,Brewers,OF,0.0,FrRnd,Y,"$1,200,000 ",14.2,516.0,1975.0,104.0,0.262,0.818,4Yr,"California Polytechnic State University, San Luis Obispo (San Luis Obispo, CA)"
*Joey Gallo(minors),2012,39,39,1s,Rangers,3B,0.0,FrRnd,Y,"$2,250,000 ",14.3,692.0,2208.0,167.0,0.202,0.802,HS,"Bishop Gorman HS (Las Vegas, NV)"
*Travis Jankowski(minors),2012,44,44,1s,Padres,OF,0.0,FrRnd,Y,"$975,000 ",2.7,459.0,1058.0,9.0,0.238,0.634,4Yr,"State University of New York at Stony Brook (Stony Brook, NY)"
*Barrett Barnes(minors),2012,45,45,1s,Pirates,OF,0.0,FrRnd,Y,"$1,000,000 ",0.0,0.0,0.0,0.0,0.0,0.0,4Yr,"Texas Tech University (Lubbock, TX)"
*Matt Olson(minors),2012,47,47,1s,Athletics,1B,0.0,FrRnd,Y,"$1,079,700 ",19.8,656.0,2357.0,154.0,0.252,0.853,HS,"Parkview HS (Lilburn, GA)"
*Keon Barnum(minors),2012,48,48,1s,White Sox,1B,0.0,FrRnd,Y,"$950,000 ",0.0,0.0,0.0,0.0,0.0,0.0,HS,"C. Leon King HS (Tampa, FL)"
*Jesse Winker(minors),2012,49,49,1s,Reds,RF,0.0,FrRnd,Y,"$1,000,000 ",5.2,492.0,1591.0,72.0,0.277,0.851,HS,"Olympia HS (Orlando, FL)"
*Jesmuel Valentin(minors),2012,51,51,1s,Dodgers,SS,0.0,FrRnd,Y,"$984,700 ",-0.7,46.0,79.0,1.0,0.177,0.562,HS,"Puerto Rico Baseball Academy (Gurabo, Puerto Rico)"
*Patrick Wisdom(minors),2012,52,52,1s,Cardinals,3B,0.0,FrRnd,Y,"$678,790 ",3.3,225.0,690.0,49.0,0.229,0.794,4Yr,"Saint Mary's College of California (Moraga, CA)"
*Jeff Gelalich(minors),2012,57,57,1s,Reds,OF,0.0,FrRnd,Y,"$825,000 ",0.0,0.0,0.0,0.0,0.0,0.0,4Yr,"University of California, Los Angeles (Los Angeles, CA)"
*Mitch Nay(minors),2012,58,58,1s,Blue Jays,3B,0.0,FrRnd,Y,"$1,000,000 ",0.0,0.0,0.0,0.0,0.0,0.0,HS,"Hamilton HS (Chandler, AZ)"
*Steve Bean(minors),2012,59,59,1s,Cardinals,C,0.0,FrRnd,Y,"$700,000 ",0.0,0.0,0.0,0.0,0.0,0.0,HS,"Rockwall HS (Rockwall, TX)"
Kris Bryant(minors),2013,2,2,1,Cubs,3B,0.0,FrRnd,Y,"$6,708,400 ",28.5,907.0,3375.0,167.0,0.278,0.875,4Yr,"University of San Diego (San Diego, CA)"
Jackson Frazier(minors),2013,5,5,1,Indians,3B,0.0,FrRnd,Y,"$3,500,000 ",0.2,247.0,744.0,29.0,0.238,0.756,HS,"Loganville HS (Loganville, GA)"
Colin Moran(minors),2013,6,6,1,Marlins,3B,0.0,FrRnd,Y,"$3,516,500 ",-0.2,497.0,1511.0,49.0,0.263,0.742,4Yr,"University of North Carolina at Chapel Hill (Chapel Hill, NC)"
Hunter Dozier(minors),2013,8,8,1,Royals,SS,0.0,FrRnd,Y,"$2,200,000 ",-1.4,506.0,1804.0,67.0,0.244,0.748,4Yr,"Stephen F. Austin State University (Nacogdoches, TX)"
*Austin Meadows(minors),2013,9,9,1,Pirates,CF,0.0,FrRnd,Y,"$3,029,600 ",6.7,411.0,1486.0,70.0,0.259,0.809,HS,"Grayson HS (Loganville, GA)"
Dominic Smith(minors),2013,11,11,1,Mets,1B,0.0,FrRnd,Y,"$2,600,000 ",0.6,437.0,1217.0,46.0,0.249,0.74,HS,"Junipero Serra HS (Gardena, CA)"
D.J. Peterson(minors),2013,12,12,1,Mariners,3B,0.0,FrRnd,Y,"$2,759,100 ",0.0,0.0,0.0,0.0,0.0,0.0,4Yr,"University of New Mexico (Albuquerque, NM)"
Hunter Renfroe(minors),2013,13,13,1,Padres,RF,0.0,FrRnd,Y,"$2,678,000 ",9.5,630.0,2164.0,141.0,0.238,0.787,4Yr,"Mississippi State University (Mississippi State, MS)"
Reese McGuire(minors),2013,14,14,1,Pirates,C,0.0,FrRnd,Y,"$2,369,800 ",1.6,186.0,495.0,9.0,0.24,0.647,HS,"Kentwood HS (Covington, WA)"
J.P. Crawford(minors),2013,16,16,1,Phillies,SS,0.0,FrRnd,Y,"$2,299,300 ",10.4,451.0,1628.0,26.0,0.253,0.703,HS,"Lakewood HS (Lakewood, CA)"
Tim Anderson(minors),2013,17,17,1,White Sox,SS,0.0,FrRnd,Y,"$2,164,000 ",18.6,745.0,3015.0,96.0,0.289,0.765,JC,"East Central Community College (Decatur, MS)"
Nick Ciuffo(minors),2013,21,21,1,Rays,C,0.0,FrRnd,Y,"$1,972,200 ",-0.2,21.0,48.0,1.0,0.188,0.551,HS,"Lexington HS (Lexington, SC)"
Billy McKinney(minors),2013,24,24,1,Athletics,CF,0.0,FrRnd,Y,"$1,800,000 ",-0.3,263.0,690.0,28.0,0.206,0.664,HS,"Plano West Senior HS (Plano, TX)"
Christian Arroyo(minors),2013,25,25,1,Giants,SS,0.0,FrRnd,Y,"$1,866,500 ",1.3,181.0,547.0,19.0,0.234,0.685,HS,"Hernando HS (Brooksville, FL)"
Eric Jagielo(minors),2013,26,26,1,Yankees,3B,0.0,FrRnd,Y,"$1,839,400 ",0.0,0.0,0.0,0.0,0.0,0.0,4Yr,"University of Notre Dame (South Bend, IN)"
Phil Ervin(minors),2013,27,27,1,Reds,CF,0.0,FrRnd,Y,"$1,812,400 ",0.4,237.0,586.0,17.0,0.247,0.728,4Yr,"Samford University (Homewood, AL)"
*Travis Demeritte(minors),2013,30,30,1,Rangers via Angels,SS,0.0,FrRnd,Y,"$1,900,000 ",-1.8,92.0,287.0,6.0,0.216,0.605,HS,"Winder-Barrow HS (Winder, GA)"
*Aaron Judge(minors),2013,32,32,1,Yankees via Indians,CF,0.0,FrRnd,Y,"$1,800,000 ",29.9,650.0,2362.0,187.0,0.277,0.945,4Yr,"California State University, Fresno (Fresno, CA)"
Josh Hart(minors),2013,37,37,1,Orioles,CF,0.0,FrRnd,Y,"$1,450,000 ",0.0,0.0,0.0,0.0,0.0,0.0,HS,"Parkview HS (Lilburn, GA)"
Kyle Schwarber(minors),2014,4,4,1,Cubs,C,0.0,FrRnd,Y,"$3,125,000 ",10.4,742.0,2494.0,176.0,0.234,0.835,4Yr,"Indiana University Bloomington (Bloomington, IN)"
Nick Gordon(minors),2014,5,5,1,Twins,SS,0.0,FrRnd,Y,"$3,851,000 ",0.8,136.0,370.0,8.0,0.254,0.684,HS,"Olympia HS (Orlando, FL)"
Alex Jackson(minors),2014,6,6,1,Mariners,OF,0.0,FrRnd,Y,"$4,200,000 ",-0.9,66.0,163.0,3.0,0.141,0.47,HS,"Rancho Bernardo HS (San Diego, CA)"
Michael Conforto(minors),2014,10,10,1,Mets,OF,0.0,FrRnd,Y,"$2,970,800 ",15.7,757.0,2551.0,132.0,0.255,0.824,4Yr,"Oregon State University (Corvallis, OR)"
Max Pentecost(minors),2014,11,11,1,Blue Jays,C,0.0,FrRnd,Y,"$2,888,300 ",0.0,0.0,0.0,0.0,0.0,0.0,4Yr,"Kennesaw State University (Kennesaw, GA)"
Trea Turner(minors),2014,13,13,1,Padres,SS,0.0,FrRnd,Y,"$2,900,000 ",27.6,768.0,3090.0,114.0,0.304,0.85,4Yr,"North Carolina State University (Raleigh, NC)"
Casey Gillaspie(minors),2014,20,20,1,Rays,1B,0.0,FrRnd,Y,"$2,035,500 ",0.0,0.0,0.0,0.0,0.0,0.0,4Yr,"Wichita State University (Wichita, KS)"
Bradley Zimmer(minors),2014,21,21,1,Indians,OF,0.0,FrRnd,Y,"$1,900,000 ",2.8,320.0,823.0,21.0,0.216,0.642,4Yr,"University of San Francisco (San Francisco, CA)"
Derek Hill(minors),2014,23,23,1,Tigers,OF,0.0,FrRnd,Y,"$2,000,000 ",-0.2,95.0,233.0,4.0,0.24,0.63,HS,"Elk Grove HS (Elk Grove, CA)"
Cole Tucker(minors),2014,24,24,1,Pirates,SS,0.0,FrRnd,Y,"$1,800,000 ",-2.0,154.0,436.0,5.0,0.211,0.573,HS,"Mountain Pointe HS (Phoenix, AZ)"
Matt Chapman(minors),2014,25,25,1,Athletics,3B,0.0,FrRnd,Y,"$1,750,000 ",24.3,649.0,2355.0,122.0,0.24,0.793,4Yr,"California State University, Fullerton (Fullerton, CA)"
Michael Chavis(minors),2014,26,26,1,Red Sox,SS,0.0,FrRnd,Y,"$1,870,500 ",0.4,248.0,824.0,35.0,0.244,0.715,HS,"Sprayberry HS (Marietta, GA)"
Alex Blandino(minors),2014,29,29,1,Reds,SS,0.0,FrRnd,Y,"$1,788,000 ",-0.3,135.0,234.0,2.0,0.227,0.63,4Yr,"Stanford University (Palo Alto, CA)"
Braxton Davidson(minors),2014,32,32,1,Braves,OF,0.0,FrRnd,Y,"$1,705,000 ",0.0,0.0,0.0,0.0,0.0,0.0,HS,"T. C. Roberson HS (Asheville, NC)"
Forrest Wall(minors),2014,35,35,1,Rockies,2B,0.0,FrRnd,Y,"$2,000,000 ",0.0,0.0,0.0,0.0,0.0,0.0,HS,"Orangewood Christian HS (Maitland, FL)"
Blake Anderson(minors),2014,36,36,1,Marlins,C,0.0,FrRnd,Y,"$1,170,000 ",0.0,0.0,0.0,0.0,0.0,0.0,HS,"West Lauderdale HS (Collinsville, MS)"
Derek Fisher(minors),2014,37,37,1,Astros,OF,0.0,FrRnd,Y,"$1,534,100 ",0.2,172.0,410.0,17.0,0.195,0.663,4Yr,"University of Virginia (Charlottesville, VA)"
Mike Papi(minors),2014,38,38,1,Indians,OF,0.0,FrRnd,Y,"$1,250,000 ",0.0,0.0,0.0,0.0,0.0,0.0,4Yr,"University of Virginia (Charlottesville, VA)"
Connor Joe(minors),2014,39,39,1,Pirates,OF,0.0,FrRnd,Y,"$1,250,000 ",2.9,144.0,479.0,13.0,0.269,0.779,4Yr,"University of San Diego (San Diego, CA)"
Chase Vallot(minors),2014,40,40,1,Royals,C,0.0,FrRnd,Y,"$1,350,000 ",0.0,0.0,0.0,0.0,0.0,0.0,HS,"St. Thomas More HS (Lafayette, LA)"
Jake Gatewood(minors),2014,41,41,1,Brewers,SS,0.0,FrRnd,Y,"$1,830,000 ",0.0,0.0,0.0,0.0,0.0,0.0,HS,"Clovis HS (Clovis, CA)"
Dansby Swanson(minors),2015,1,1,1,Diamondbacks,SS,0.0,FrRnd,Y,"$6,500,000 ",12.3,746.0,2709.0,91.0,0.255,0.743,4Yr,"Vanderbilt University (Nashville, TN)"
Alex Bregman(minors),2015,2,2,1,Astros,SS,0.0,FrRnd,Y,"$5,900,000 ",27.4,726.0,2672.0,126.0,0.277,0.871,4Yr,"Louisiana State University (Baton Rouge, LA)"
Brendan Rodgers(minors),2015,3,3,1,Rockies,SS,0.0,FrRnd,Y,"$5,500,000 ",2.4,203.0,755.0,23.0,0.265,0.738,HS,"Lake Mary HS (Lake Mary, FL)"
Kyle Tucker(minors),2015,5,5,1,Astros,OF,0.0,FrRnd,Y,"$4,000,000 ",11.5,322.0,1105.0,59.0,0.271,0.853,HS,"H. B. Plant HS (Tampa, FL)"
Andrew Benintendi(minors),2015,7,7,1,Red Sox,OF,0.0,FrRnd,Y,"$3,590,400 ",14.5,696.0,2620.0,71.0,0.278,0.784,4Yr,"University of Arkansas (Fayetteville, AR)"
Ian Happ(minors),2015,9,9,1,Cubs,OF,0.0,FrRnd,Y,"$3,000,000 ",9.2,598.0,1826.0,95.0,0.248,0.81,4Yr,"University of Cincinnati (Cincinnati, OH)"
Cornelius Randolph(minors),2015,10,10,1,Phillies,SS,0.0,FrRnd,Y,"$3,231,300 ",0.0,0.0,0.0,0.0,0.0,0.0,HS,"Griffin HS (Griffin, GA)"
Tyler Stephenson(minors),2015,11,11,1,Reds,C,0.0,FrRnd,Y,"$3,141,600 ",3.7,182.0,508.0,17.0,0.291,0.815,HS,"Kennesaw Mountain HS (Kennesaw, GA)"
Josh Naylor(minors),2015,12,12,1,Marlins,1B,0.0,FrRnd,Y,"$2,200,000 ",1.0,257.0,779.0,27.0,0.257,0.732,HS,"St. Joan of Arc Catholic SS (Mississauga, ON)"
Garrett Whitley(minors),2015,13,13,1,Rays,OF,0.0,FrRnd,Y,"$2,959,600 ",0.0,0.0,0.0,0.0,0.0,0.0,HS,"Niskayuna HS (Niskayuna, NY)"
Trent Grisham(minors),2015,15,15,1,Brewers,OF,0.0,FrRnd,Y,"$2,700,000 ",7.5,321.0,1093.0,39.0,0.23,0.725,HS,"Richland HS (North Richland Hills, TX)"
Kevin Newman(minors),2015,19,19,1,Pirates,SS,0.0,FrRnd,Y,"$2,175,000 ",2.0,367.0,1305.0,18.0,0.257,0.655,4Yr,"University of Arizona (Tucson, AZ)"
Richie Martin(minors),2015,20,20,1,Athletics,SS,0.0,FrRnd,Y,"$1,950,000 ",-2.0,170.0,411.0,7.0,0.212,0.572,4Yr,"University of Florida (Gainesville, FL)"
Nick Plummer(minors),2015,23,23,1,Cardinals,OF,0.0,FrRnd,Y,"$2,124,400 ",-0.1,14.0,29.0,2.0,0.138,0.573,HS,"Brother Rice HS (Bloomfield Hills, MI)"
DJ Stewart(minors),2015,25,25,1,Orioles,OF,0.0,FrRnd,Y,"$2,064,500 ",0.5,195.0,527.0,26.0,0.213,0.728,4Yr,"Florida State University (Tallahassee, FL)"
Taylor Ward(minors),2015,26,26,1,Angels,C,0.0,FrRnd,Y,"$1,670,000 ",2.3,216.0,687.0,27.0,0.253,0.771,4Yr,"California State University, Fresno (Fresno, CA)"
Kyle Holder(minors),2015,30,30,1,Yankees,SS,0.0,FrRnd,Y,"$1,800,000 ",0.0,0.0,0.0,0.0,0.0,0.0,4Yr,"University of San Diego (San Diego, CA)"
Chris Shaw(minors),2015,31,31,1,Giants,1B,0.0,FrRnd,Y,"$1,400,000 ",-0.9,38.0,72.0,1.0,0.153,0.466,4Yr,"Boston College (Chestnut Hill, MA)"
Ke'Bryan Hayes(minors),2015,32,32,1,Pirates,3B,0.0,FrRnd,Y,"$1,855,000 ",6.9,191.0,717.0,14.0,0.271,0.741,HS,"Concordia Lutheran HS (Tomball, TX)"
Christin Stewart(minors),2015,34,34,1,Tigers,OF,0.0,FrRnd,Y,"$1,795,100 ",-1.2,157.0,519.0,15.0,0.225,0.676,4Yr,"University of Tennessee (Knoxville, TN)"
Ryan Mountcastle(minors),2015,36,36,1,Orioles,SS,0.0,FrRnd,Y,"$1,300,000 ",3.3,248.0,934.0,52.0,0.272,0.812,HS,"Paul J. Hagerty HS (Oviedo, FL)"
Daz Cameron(minors),2015,37,37,1,Astros,OF,0.0,FrRnd,Y,"$4,000,000 ",-0.4,70.0,216.0,5.0,0.204,0.606,HS,"Eagle's Landing Christian Academy (McDonough, GA)"
Tyler Nevin(minors),2015,38,38,1,Rockies,3B,0.0,FrRnd,Y,"$2,000,000 ",0.0,48.0,138.0,3.0,0.196,0.615,HS,"Poway HS (Poway, CA)"
Austin Riley(minors),2015,41,41,1,Braves,3B,0.0,FrRnd,Y,"$1,600,000 ",7.8,370.0,1360.0,79.0,0.27,0.834,HS,"DeSoto Central HS (Southaven, MS)"
Dustin Ackley(minors),2009,2,2,1,Mariners,CF,0.0,FrRnd,Y,"$6,000,000 ",7.7,635.0,2125.0,46.0,0.241,0.672,4Yr,"University of North Carolina at Chapel Hill (Chapel Hill, NC)"
Donavan Tate(minors),2009,3,3,1,Padres,CF,0.0,FrRnd,Y,"$6,250,000 ",0.0,0.0,0.0,0.0,0.0,0.0,HS,"Cartersville HS (Cartersville, GA)"
Tony Sanchez(minors),2009,4,4,1,Pirates,C,0.0,FrRnd,Y,"$2,500,000 ",0.1,52.0,144.0,4.0,0.257,0.676,4Yr,"Boston College (Chestnut Hill, MA)"
Grant Green(minors),2009,13,13,1,Athletics,SS,0.0,FrRnd,Y,"$2,750,000 ",-1.7,129.0,330.0,4.0,0.249,0.62,4Yr,"University of Southern California (Los Angeles, CA)"
Bobby Borchering(minors),2009,16,16,1,Diamondbacks,3B,0.0,FrRnd,Y,"$1,800,000 ",0.0,0.0,0.0,0.0,0.0,0.0,HS,"Bishop Verot HS (Fort Myers, FL)"
*AJ Pollock(minors),2009,17,17,1,Diamondbacks via Dodgers,CF,0.0,FrRnd,Y,"$1,400,000 ",22.8,959.0,3388.0,130.0,0.279,0.808,4Yr,"University of Notre Dame (South Bend, IN)"
Jiovanni Mier(minors),2009,21,21,1,Astros,SS,0.0,FrRnd,Y,"$1,358,000 ",0.0,0.0,0.0,0.0,0.0,0.0,HS,"Bonita HS (La Verne, CA)"
Jared Mitchell(minors),2009,23,23,1,White Sox,CF,0.0,FrRnd,Y,"$1,200,000 ",0.0,0.0,0.0,0.0,0.0,0.0,4Yr,"Louisiana State University (Baton Rouge, LA)"
*Randal Grichuk(minors),2009,24,24,1,Angels via Mets,LF,0.0,FrRnd,Y,"$1,242,000 ",10.5,951.0,3270.0,164.0,0.246,0.758,HS,"Lamar Consolidated HS (Rosenberg, TX)"
*Mike Trout(minors),2009,25,25,1,Angels via Yankees,CF,0.0,FrRnd,Y,"$1,215,000 ",79.8,1362.0,4920.0,333.0,0.303,1.001,HS,"Millville Senior HS (Millville, NJ)"
*Nick Franklin(minors),2009,27,27,1,Mariners via Phillies,SS,0.0,FrRnd,Y,"$1,280,000 ",1.2,301.0,833.0,24.0,0.214,0.644,HS,"Lake Brantley HS (Altamonte Springs, FL)"
Rey Fuentes(minors),2009,28,28,1,Red Sox,CF,0.0,FrRnd,Y,"$1,134,000 ",-0.6,100.0,210.0,3.0,0.238,0.595,HS,"Fernando Callejo HS (Manati, Puerto Rico)"
*Slade Heathcott(minors),2009,29,29,1s,Yankees,CF,0.0,FrRnd,Y,"$2,200,000 ",0.4,17.0,25.0,2.0,0.4,1.149,HS,"Texas HS (Texarkana, TX)"
LeVon Washington(minors),2009,30,30,1,Rays,2B,0.0,FrRnd,N,0,0.0,0.0,0.0,0.0,0.0,0.0,HS,"F. W. Buchholz HS (Gainesville, FL)"
Brett Jackson(minors),2009,31,31,1,Cubs,CF,0.0,FrRnd,Y,"$972,000 ",0.0,51.0,124.0,4.0,0.169,0.63,4Yr,"University of California, Berkeley (Berkeley, CA)"
*Tim Wheeler(minors),2009,32,32,1,Rockies via Angels,CF,0.0,FrRnd,Y,"$900,000 ",0.0,0.0,0.0,0.0,0.0,0.0,4Yr,"California State University, Sacramento (Sacramento, CA)"
*Steven Baron(minors),2009,33,33,1s,Mariners,C,0.0,FrRnd,Y,"$980,000 ",-0.4,13.0,26.0,0.0,0.115,0.269,HS,"John A. Ferguson School (Miami, FL)"
*Matt Davidson(minors),2009,35,35,1s,Diamondbacks,3B,0.0,FrRnd,Y,"$900,000 ",-0.7,306.0,1003.0,54.0,0.22,0.719,HS,"Yucaipa HS (Yucaipa, CA)"
*Josh Phegley(minors),2009,38,38,1s,White Sox,C,0.0,FrRnd,Y,"$858,600 ",2.1,387.0,1116.0,35.0,0.225,0.649,4Yr,"Indiana University Bloomington (Bloomington, IN)"
*Kentrail Davis(minors),2009,39,39,1s,Brewers,CF,0.0,FrRnd,Y,"$1,200,000 ",0.0,0.0,0.0,0.0,0.0,0.0,4Yr,"University of Tennessee (Knoxville, TN)"
*Chris Owings(minors),2009,41,41,1s,Diamondbacks,SS,0.0,FrRnd,Y,"$950,000 ",2.3,710.0,2280.0,37.0,0.24,0.653,HS,"Gilbert HS (Gilbert, SC)"
Tim Beckham(minors),2008,1,1,1,Rays,SS,0.0,FrRnd,Y,"$6,150,000 ",3.8,472.0,1614.0,63.0,0.249,0.733,HS,"Griffin HS (Griffin, GA)"
Pedro Alvarez(minors),2008,2,2,1,Pirates,3B,0.0,FrRnd,Y,"$6,000,000 ",5.0,910.0,2980.0,162.0,0.236,0.757,4Yr,"Vanderbilt University (Nashville, TN)"
Eric Hosmer(minors),2008,3,3,1,Royals,1B,0.0,FrRnd,Y,"$6,000,000 ",18.9,1628.0,6154.0,194.0,0.277,0.765,HS,"American Heritage HS (Plantation, FL)"
Buster Posey(minors),2008,5,5,1,Giants,C,0.0,FrRnd,Y,"$6,200,000 ",44.8,1371.0,4970.0,158.0,0.302,0.831,4Yr,"Florida State University (Tallahassee, FL)"
Kyle Skipworth(minors),2008,6,6,1,Marlins,C,0.0,FrRnd,Y,"$2,300,000 ",-0.1,4.0,3.0,0.0,0.0,0.25,HS,"Patriot HS (Jurupa Valley, CA)"
Yonder Alonso(minors),2008,7,7,1,Reds,1B,0.0,FrRnd,Y,"$2,000,000 ",8.1,1072.0,3362.0,100.0,0.259,0.736,4Yr,"University of Miami (Coral Gables, FL)"
Gordon Beckham(minors),2008,8,8,1,White Sox,SS,0.0,FrRnd,Y,"$2,600,000 ",5.5,1069.0,3403.0,80.0,0.237,0.667,4Yr,"University of Georgia (Athens, GA)"
Jason Castro(minors),2008,10,10,1,Astros,C,0.0,FrRnd,Y,"$2,070,000 ",12.5,952.0,2981.0,97.0,0.227,0.699,4Yr,"Stanford University (Palo Alto, CA)"
Justin Smoak(minors),2008,11,11,1,Rangers,1B,0.0,FrRnd,Y,"$3,500,000 ",6.9,1286.0,4153.0,196.0,0.229,0.74,4Yr,"University of South Carolina (Columbia, SC)"
Jemile Weeks(minors),2008,12,12,1,Athletics,2B,0.0,FrRnd,Y,"$1,910,000 ",1.5,260.0,955.0,4.0,0.255,0.667,4Yr,"University of Miami (Coral Gables, FL)"
Brett Wallace(minors),2008,13,13,1,Cardinals,1B,0.0,FrRnd,Y,"$1,840,000 ",-0.2,494.0,1284.0,40.0,0.238,0.705,4Yr,"Arizona State University (Tempe, AZ)"
Aaron Hicks(minors),2008,14,14,1,Twins,OF,0.0,FrRnd,Y,"$1,780,000 ",12.9,811.0,2635.0,96.0,0.233,0.724,HS,"Woodrow Wilson HS (Long Beach, CA)"
Brett Lawrie(minors),2008,16,16,1,Brewers,3B,0.0,FrRnd,Y,"$1,700,000 ",15.6,588.0,2217.0,71.0,0.261,0.734,HS,"Brookswood SS (Langley, BC)"
David Cooper(minors),2008,17,17,1,Blue Jays,1B,0.0,FrRnd,Y,"$1,500,000 ",0.1,72.0,211.0,6.0,0.27,0.751,4Yr,"University of California, Berkeley (Berkeley, CA)"
*Ike Davis(minors),2008,18,18,1,Mets via Braves,1B,0.0,FrRnd,Y,"$1,575,000 ",5.8,665.0,2076.0,81.0,0.239,0.746,4Yr,"Arizona State University (Tempe, AZ)"
Reese Havens(minors),2008,22,22,1,Mets,SS,0.0,FrRnd,Y,"$1,419,000 ",0.0,0.0,0.0,0.0,0.0,0.0,4Yr,"University of South Carolina (Columbia, SC)"
Allan Dykstra(minors),2008,23,23,1,Padres,1B,0.0,FrRnd,Y,"$1,150,000 ",-0.5,13.0,31.0,1.0,0.129,0.515,4Yr,"Wake Forest University (Winston-Salem, NC)"
Anthony Hewitt(minors),2008,24,24,1,Phillies,SS,0.0,FrRnd,Y,"$1,380,000 ",0.0,0.0,0.0,0.0,0.0,0.0,HS,"Salisbury Prep (Salisbury, CT)"
Lonnie Chisenhall(minors),2008,29,29,1,Indians,3B,0.0,FrRnd,Y,"$1,100,000 ",9.0,688.0,2159.0,64.0,0.268,0.747,JC,"Pitt Community College (Winterville, NC)"
Casey Kelly(minors),2008,30,30,1,Red Sox,SS,0.0,FrRnd,Y,"$3,000,000 ",-1.4,27.0,18.0,0.0,0.111,0.222,HS,"Sarasota HS (Sarasota, FL)"
*Zach Collier(minors),2008,34,34,1s,Phillies,OF,0.0,FrRnd,Y,"$1,020,000 ",0.0,0.0,0.0,0.0,0.0,0.0,HS,"Chino Hills HS (Chino Hills, CA)"
*Conor Gillaspie(minors),2008,37,37,1s,Giants,3B,0.0,FrRnd,Y,"$970,000 ",2.2,513.0,1424.0,33.0,0.251,0.695,4Yr,"Wichita State University (Wichita, KS)"
*Ryan Flaherty(minors),2008,41,41,1s,Cubs,SS,0.0,FrRnd,Y,"$906,000 ",1.1,547.0,1324.0,37.0,0.215,0.629,4Yr,"Vanderbilt University (Nashville, TN)"
Jaff Decker(minors),2008,42,42,1,Padres,OF,0.0,FrRnd,Y,"$892,000 ",-1.5,77.0,161.0,1.0,0.174,0.51,HS,"Sunrise Mountain HS (Peoria, AZ)"
*Logan Forsythe(minors),2008,46,46,1s,Padres,3B,0.0,FrRnd,Y,"$835,000 ",12.1,970.0,3120.0,71.0,0.244,0.695,4Yr,"University of Arkansas (Fayetteville, AR)"
Joe Mauer(minors),2001,1,1,1,Twins,C,0.0,FrRnd,Y,"$5,150,000 ",55.2,1858.0,6930.0,143.0,0.306,0.827,HS,"Cretin HS (St. Paul, MN)"
Mark Teixeira(minors),2001,5,5,1,Rangers,3B,0.0,FrRnd,Y,"$4,500,000 ",50.6,1862.0,6936.0,409.0,0.269,0.87,4Yr,"Georgia Institute of Technology (Atlanta, GA)"
Chris Burke(minors),2001,10,10,1,Astros,2B,0.0,FrRnd,Y,"$2,125,000 ",-1.2,477.0,1267.0,23.0,0.239,0.674,4Yr,"University of Tennessee (Knoxville, TN)"
Casey Kotchman(minors),2001,13,13,1,Angels,1B,0.0,FrRnd,Y,"$2,075,000 ",7.5,939.0,3071.0,71.0,0.26,0.711,HS,"Seminole HS (Seminole, FL)"
Jake Gautreau(minors),2001,14,14,1,Padres,3B,0.0,FrRnd,Y,"$1,875,000 ",0.0,0.0,0.0,0.0,0.0,0.0,4Yr,"Tulane University (New Orleans, LA)"
Gabe Gross(minors),2001,15,15,1,Blue Jays,OF,0.0,FrRnd,Y,"$1,865,000 ",4.6,657.0,1461.0,40.0,0.239,0.716,4Yr,"Auburn University (Auburn, AL)"
*Mike Fontenot(minors),2001,19,19,1,Orioles via Yankees,2B,0.0,FrRnd,Y,"$1,300,000 ",4.2,582.0,1413.0,27.0,0.265,0.734,4Yr,"Louisiana State University (Baton Rouge, LA)"
*John-Ford Griffin(minors),2001,23,23,1,Yankees via Mariners,OF,0.0,FrRnd,Y,"$1,200,000 ",0.2,13.0,23.0,2.0,0.304,1.066,4Yr,"Florida State University (Tallahassee, FL)"
Bobby Crosby(minors),2001,25,25,1,Athletics,SS,0.0,FrRnd,Y,"$1,350,000 ",5.4,747.0,2559.0,62.0,0.236,0.677,4Yr,"California State University, Long Beach (Long Beach, CA)"
Josh Burrus(minors),2001,29,29,1,Braves,SS,0.0,FrRnd,Y,"$1,250,000 ",0.0,0.0,0.0,0.0,0.0,0.0,HS,"Wheeler HS (Marietta, GA)"
*Bryan Bass(minors),2001,31,31,1s,Orioles,SS,0.0,FrRnd,Y,"$1,150,000 ",0.0,0.0,0.0,0.0,0.0,0.0,HS,"Seminole HS (Seminole, FL)"
*Michael Woods(minors),2001,32,32,1s,Tigers,2B,0.0,FrRnd,Y,"$1,100,000 ",0.0,0.0,0.0,0.0,0.0,0.0,4Yr,"Southern University and A&M College (Baton Rouge, LA)"
*Jeff Mathis(minors),2001,33,33,1s,Angels,C,0.0,FrRnd,Y,"$850,000 ",0.2,948.0,2718.0,53.0,0.194,0.551,HS,"Marianna HS (Marianna, FL)"
*Bronson Sardinha(minors),2001,34,34,1s,Yankees,SS,0.0,FrRnd,Y,"$1,000,000 ",0.0,10.0,9.0,0.0,0.333,0.75,HS,"Kamehameha HS (Honolulu, HI)"
*Michael Garciaparra(minors),2001,36,36,1s,Mariners,SS,0.0,FrRnd,Y,"$2,000,000 ",0.0,0.0,0.0,0.0,0.0,0.0,HS,"Don Bosco Technical Institute (Rosemead, CA)"
*David Wright(minors),2001,38,38,1s,Mets,3B,0.0,FrRnd,Y,"$960,000 ",49.2,1585.0,5998.0,242.0,0.296,0.867,HS,"Hickory HS (Chesapeake, VA)"
*Richard Lewis(minors),2001,40,40,1s,Braves,2B,0.0,FrRnd,Y,"$850,000 ",0.0,0.0,0.0,0.0,0.0,0.0,4Yr,"Georgia Institute of Technology (Atlanta, GA)"
*Todd Linden(minors),2001,41,41,1s,Giants,OF,0.0,FrRnd,Y,"$750,000 ",-1.8,270.0,502.0,8.0,0.231,0.638,4Yr,"Louisiana State University (Baton Rouge, LA)"
*Mike Conroy(minors),2001,43,43,1s,Indians,OF,0.0,FrRnd,Y,"$870,000 ",0.0,0.0,0.0,0.0,0.0,0.0,HS,"Boston College HS (Boston, MA)"
*Jayson Nix(minors),2001,44,44,1s,Rockies,SS,0.0,FrRnd,Y,"$925,000 ",1.6,466.0,1305.0,38.0,0.212,0.627,HS,"Midland HS (Midland, TX)"
Adrian Gonzalez(minors),2000,1,1,1,Marlins,1B,0.0,FrRnd,Y,"$3,000,000 ",43.5,1929.0,7139.0,317.0,0.287,0.843,HS,"Eastlake HS (Chula Vista, CA)"
Luis Montanez(minors),2000,3,3,1,Cubs,SS,0.0,FrRnd,Y,"$2,750,000 ",-1.3,129.0,305.0,5.0,0.223,0.586,HS,"Coral Park HS (Miami, FL)"
Rocco Baldelli(minors),2000,6,6,1,Devil Rays,OF,0.0,FrRnd,Y,"$2,250,000 ",10.2,519.0,1910.0,60.0,0.278,0.766,HS,"Bishop Hendricken HS (Warwick, RI)"
Dave Krynzel(minors),2000,11,11,1,Brewers,OF,0.0,FrRnd,Y,"$1,950,000 ",0.2,21.0,48.0,0.0,0.188,0.486,HS,"Green Valley HS (Henderson, NV)"
Joe Borchard(minors),2000,12,12,1,White Sox,OF,0.0,FrRnd,Y,"$5,300,000 ",-1.5,301.0,716.0,26.0,0.205,0.636,4Yr,"Stanford University (Palo Alto, CA)"
Shaun Boyd(minors),2000,13,13,1,Cardinals,OF,0.0,FrRnd,Y,"$1,750,000 ",0.0,0.0,0.0,0.0,0.0,0.0,HS,"Vista HS (Vista, CA)"
Chase Utley(minors),2000,15,15,1,Phillies,2B,0.0,FrRnd,Y,"$1,780,000 ",64.5,1937.0,6857.0,259.0,0.275,0.823,4Yr,"University of California, Los Angeles (Los Angeles, CA)"
Miguel Negron(minors),2000,18,18,1,Blue Jays,OF,0.0,FrRnd,Y,"$950,000 ",0.0,0.0,0.0,0.0,0.0,0.0,HS,"Manuela Toro HS (Caguas, Puerto Rico)"
David Espinosa(minors),2000,23,23,1,Reds,SS,0.0,FrRnd,Y,0,0.0,0.0,0.0,0.0,0.0,0.0,HS,"Gulliver Prep HS (Coral Gables, FL)"
*Scott Heard(minors),2000,25,25,1,Rangers via Mets,C,0.0,FrRnd,Y,"$1,475,000 ",0.0,0.0,0.0,0.0,0.0,0.0,HS,"Rancho Bernardo HS (San Diego, CA)"
Corey Smith(minors),2000,26,26,1,Indians,SS,0.0,FrRnd,Y,"$1,375,000 ",0.0,0.0,0.0,0.0,0.0,0.0,HS,"Piscataway HS (Piscataway, NJ)"
Dave Parrish(minors),2000,28,28,1,Yankees,C,0.0,FrRnd,Y,"$1,425,000 ",0.0,0.0,0.0,0.0,0.0,0.0,4Yr,"University of Michigan (Ann Arbor, MI)"
Scott Thorman(minors),2000,30,30,1,Braves,3B,0.0,FrRnd,Y,"$1,225,000 ",-1.0,175.0,415.0,16.0,0.222,0.667,HS,"Preston HS (Cambridge, ON)"
*Tyrell Godwin(minors),2000,35,35,1s,Rangers,OF,0.0,FrRnd,N,0,0.0,3.0,3.0,0.0,0.0,0.0,4Yr,"University of North Carolina at Chapel Hill (Chapel Hill, NC)"
*Kelly Johnson(minors),2000,38,38,1s,Braves,SS,0.0,FrRnd,Y,"$790,000 ",16.6,1399.0,4543.0,155.0,0.251,0.751,HS,"Westwood HS (Austin, TX)"
*Aaron Herr(minors),2000,40,40,1s,Braves,SS,0.0,FrRnd,Y,"$850,000 ",0.0,0.0,0.0,0.0,0.0,0.0,HS,"Hempfield HS (Landisville, PA)"
B.J. Upton(minors),2002,2,2,1,Devil Rays,SS,0.0,FrRnd,Y,"$4,600,000 ",16.8,1469.0,5175.0,164.0,0.244,0.723,HS,"Greenbrier Christian Academy (Chesapeake, VA)"
Prince Fielder(minors),2002,7,7,1,Brewers,1B,0.0,FrRnd,Y,"$2,400,000 ",23.8,1611.0,5821.0,319.0,0.283,0.887,HS,"Eau Gallie HS (Melbourne, FL)"
Scott Moore(minors),2002,8,8,1,Tigers,SS,0.0,FrRnd,Y,"$2,300,000 ",-0.8,152.0,385.0,16.0,0.242,0.713,HS,"Cypress HS (Cypress, CA)"
Drew Meyer(minors),2002,10,10,1,Rangers,SS,0.0,FrRnd,Y,"$1,875,000 ",-0.3,5.0,14.0,0.0,0.214,0.429,4Yr,"University of South Carolina (Columbia, SC)"
Jeremy Hermida(minors),2002,11,11,1,Marlins,OF,0.0,FrRnd,Y,"$2,012,500 ",2.7,632.0,2012.0,65.0,0.257,0.749,HS,"Wheeler HS (Marietta, GA)"
Khalil Greene(minors),2002,13,13,1,Padres,SS,0.0,FrRnd,Y,"$1,500,000 ",8.5,736.0,2567.0,90.0,0.245,0.723,4Yr,"Clemson University (Clemson, SC)"
Russ Adams(minors),2002,14,14,1,Blue Jays,SS,0.0,FrRnd,Y,"$1,785,000 ",0.0,286.0,884.0,17.0,0.247,0.685,4Yr,"University of North Carolina at Chapel Hill (Chapel Hill, NC)"
*Nick Swisher(minors),2002,16,16,1,Athletics via Red Sox,1B,0.0,FrRnd,Y,"$1,780,000 ",21.5,1527.0,5369.0,245.0,0.249,0.799,4Yr,"The Ohio State University (Columbus, OH)"
James Loney(minors),2002,19,19,1,Dodgers,1B,0.0,FrRnd,Y,"$1,500,000 ",11.3,1443.0,5023.0,108.0,0.284,0.746,HS,"Lawrence E Elkins HS (Missouri City, TX)"
Denard Span(minors),2002,20,20,1,Twins,OF,0.0,FrRnd,Y,"$1,700,000 ",27.9,1359.0,5326.0,71.0,0.281,0.745,HS,"Tampa Catholic HS (Tampa, FL)"
Jeff Francoeur(minors),2002,23,23,1,Braves,OF,0.0,FrRnd,Y,"$2,200,000 ",6.8,1480.0,5260.0,160.0,0.261,0.72,HS,"Parkview HS (Lilburn, GA)"
John McCurdy(minors),2002,26,26,1,Athletics,SS,0.0,FrRnd,Y,"$1,375,000 ",0.0,0.0,0.0,0.0,0.0,0.0,4Yr,"University of Maryland (College Park, MD)"
Sergio Santos(minors),2002,27,27,1,Diamondbacks,SS,0.0,FrRnd,Y,"$1,400,000 ",2.0,27.0,1.0,0.0,0.0,0.0,HS,"Mater Dei HS (Santa Ana, CA)"
John Mayberry(minors),2002,28,28,1,Mariners,OF,0.0,FrRnd,N,0,1.5,574.0,1386.0,56.0,0.235,0.72,HS,"Rockhurst HS (Kansas City, MO)"
*Matt Whitney(minors),2002,33,33,1s,Indians,3B,0.0,FrRnd,Y,"$1,125,000 ",0.0,0.0,0.0,0.0,0.0,0.0,HS,"Palm Beach Gardens HS (Palm Beach Gardens, FL)"
*Jeremy Brown(minors),2002,35,35,1s,Athletics,C,0.0,FrRnd,Y,"$350,000 ",0.1,5.0,10.0,0.0,0.3,0.864,4Yr,"University of Alabama (Tuscaloosa, AL)"
*Mark Teahen(minors),2002,39,39,1s,Athletics,3B,0.0,FrRnd,Y,"$725,000 ",2.6,831.0,2873.0,67.0,0.264,0.736,4Yr,"Saint Mary's College of California (Moraga, CA)"
*Mark Schramek(minors),2002,40,40,1s,Reds,3B,0.0,FrRnd,Y,"$200,000 ",0.0,0.0,0.0,0.0,0.0,0.0,4Yr,"University of Texas at San Antonio (San Antonio, TX)"
*Micah Schilling(minors),2002,41,41,1s,Indians,2B,0.0,FrRnd,Y,"$915,000 ",0.0,0.0,0.0,0.0,0.0,0.0,HS,"Silliman Institute (Clinton, LA)"
Delmon Young(minors),2003,1,1,1,Devil Rays,OF,0.0,FrRnd,Y,"$3,700,000 ",3.2,1118.0,4108.0,109.0,0.283,0.737,HS,"Adolfo Camarillo HS (Camarillo, CA)"
Rickie Weeks(minors),2003,2,2,1,Brewers,2B,0.0,FrRnd,Y,"$3,600,000 ",11.5,1324.0,4417.0,161.0,0.246,0.764,4Yr,"Southern University and A&M College (Baton Rouge, LA)"
Chris Lubanski(minors),2003,5,5,1,Royals,OF,0.0,FrRnd,Y,"$2,100,000 ",0.0,0.0,0.0,0.0,0.0,0.0,HS,"Kennedy-Kenrick Catholic HS (Norristown, PA)"
Ryan Harvey(minors),2003,6,6,1,Cubs,OF,0.0,FrRnd,Y,"$2,400,000 ",0.0,0.0,0.0,0.0,0.0,0.0,HS,"Dunedin HS (Dunedin, FL)"
Nick Markakis(minors),2003,7,7,1,Orioles,OF,0.0,FrRnd,Y,"$1,850,000 ",33.6,2154.0,8302.0,189.0,0.288,0.781,JC,"Young Harris College (Young Harris, GA)"
Ian Stewart(minors),2003,10,10,1,Rockies,3B,0.0,FrRnd,Y,"$1,950,000 ",3.3,511.0,1489.0,61.0,0.229,0.73,HS,"La Quinta HS (Westminster, CA)"
Michael Aubrey(minors),2003,11,11,1,Indians,1B,0.0,FrRnd,Y,"$2,010,000 ",0.2,46.0,135.0,6.0,0.259,0.755,4Yr,"Tulane University (New Orleans, LA)"
Lastings Milledge(minors),2003,12,12,1,Mets,OF,0.0,FrRnd,Y,"$2,075,000 ",0.5,433.0,1500.0,33.0,0.269,0.723,HS,"Lakewood Ranch HS (Bradenton, FL)"
Aaron Hill(minors),2003,13,13,1,Blue Jays,SS,0.0,FrRnd,Y,"$1,675,000 ",24.4,1559.0,5646.0,162.0,0.266,0.74,4Yr,"Louisiana State University (Baton Rouge, LA)"
Brian Anderson(minors),2003,15,15,1,White Sox,OF,0.0,FrRnd,Y,"$1,600,000 ",-0.2,355.0,799.0,22.0,0.227,0.661,4Yr,"University of Arizona (Tucson, AZ)"
David Murphy(minors),2003,17,17,1,Red Sox,OF,0.0,FrRnd,Y,"$1,525,000 ",9.9,1110.0,3467.0,104.0,0.274,0.765,4Yr,"Baylor University (Waco, TX)"
*Brad Snyder(minors),2003,18,18,1,Indians via Phillies,OF,0.0,FrRnd,Y,"$1,525,000 ",-0.1,30.0,66.0,2.0,0.167,0.513,4Yr,"Ball State University (Muncie, IN)"
*Conor Jackson(minors),2003,19,19,1,Diamondbacks via Mariners,1B,0.0,FrRnd,Y,"$1,500,000 ",2.2,658.0,2184.0,52.0,0.271,0.757,4Yr,"University of California, Berkeley (Berkeley, CA)"
Matt Moses(minors),2003,21,21,1,Twins,3B,0.0,FrRnd,Y,"$1,450,000 ",0.0,0.0,0.0,0.0,0.0,0.0,HS,"Mills E. Godwin HS (Henrico, VA)"
Brandon Wood(minors),2003,23,23,1,Angels,SS,0.0,FrRnd,Y,"$1,300,000 ",-3.8,272.0,700.0,18.0,0.186,0.513,HS,"Horizon HS (Scottsdale, AZ)"
*Brian Snyder(minors),2003,26,26,1,Athletics via Giants,3B,0.0,FrRnd,Y,"$1,325,000 ",0.0,0.0,0.0,0.0,0.0,0.0,4Yr,"Stetson University (DeLand, FL)"
Eric Duncan(minors),2003,27,27,1,Yankees,3B,0.0,FrRnd,Y,"$1,250,000 ",0.0,0.0,0.0,0.0,0.0,0.0,HS,"Seton Hall Preparatory School (West Orange, NJ)"
Daric Barton(minors),2003,28,28,1,Cardinals,C,0.0,FrRnd,Y,"$975,000 ",8.9,551.0,1744.0,30.0,0.247,0.721,HS,"Marina HS (Huntington Beach, CA)"
Carlos Quentin(minors),2003,29,29,1,Diamondbacks,OF,0.0,FrRnd,Y,"$1,100,000 ",10.5,834.0,2790.0,154.0,0.252,0.831,4Yr,"Stanford University (Palo Alto, CA)"
*Mitch Maier(minors),2003,30,30,1,Royals via Braves,C,0.0,FrRnd,Y,"$900,000 ",1.5,359.0,977.0,10.0,0.248,0.671,4Yr,"University of Toledo (Toledo, OH)"
*Matt Murton(minors),2003,32,32,1s,Red Sox,OF,0.0,FrRnd,Y,"$1,010,000 ",3.3,346.0,952.0,29.0,0.286,0.788,4Yr,"Georgia Institute of Technology (Atlanta, GA)"
*Omar Quintanilla(minors),2003,33,33,1s,Athletics,SS,0.0,FrRnd,Y,"$992,500 ",-0.9,402.0,1035.0,8.0,0.22,0.582,4Yr,"University of Texas at Austin (Austin, TX)"
*Jarrod Saltalamacchia(minors),2003,36,36,1s,Braves,C,0.0,FrRnd,Y,"$950,000 ",5.9,895.0,2852.0,110.0,0.232,0.715,HS,"Royal Palm Beach HS (Royal Palm Beach, FL)"
*Adam Jones(minors),2003,37,37,1s,Mariners,SS,0.0,FrRnd,Y,"$925,000 ",32.6,1823.0,7009.0,282.0,0.277,0.771,HS,"Samuel F. B. Morse HS (San Diego, CA)"
Mike Moustakas(minors),2007,2,2,1,Royals,SS,0.0,FrRnd,Y,"$4,000,000 ",13.2,1291.0,4633.0,199.0,0.248,0.744,HS,"Chatsworth Charter HS (Chatsworth, CA)"
Josh Vitters(minors),2007,3,3,1,Cubs,3B,0.0,FrRnd,Y,"$3,200,000 ",-1.3,36.0,99.0,2.0,0.121,0.395,HS,"Cypress HS (Cypress, CA)"
Matt Wieters(minors),2007,5,5,1,Orioles,C,0.0,FrRnd,Y,"$6,000,000 ",18.3,1167.0,3994.0,146.0,0.249,0.722,4Yr,"Georgia Institute of Technology (Atlanta, GA)"
Matt LaPorta(minors),2007,7,7,1,Brewers,1B,0.0,FrRnd,Y,"$2,000,000 ",-1.0,291.0,967.0,31.0,0.238,0.695,4Yr,"University of Florida (Gainesville, FL)"
Matt Dominguez(minors),2007,12,12,1,Marlins,3B,0.0,FrRnd,Y,"$1,800,000 ",1.2,362.0,1272.0,42.0,0.231,0.644,HS,"Chatsworth Charter HS (Chatsworth, CA)"
Beau Mills(minors),2007,13,13,1,Indians,1B,0.0,FrRnd,Y,"$1,575,000 ",0.0,0.0,0.0,0.0,0.0,0.0,4Yr,"Lewis-Clark State College (Lewiston, ID)"
Jason Heyward(minors),2007,14,14,1,Braves,OF,0.0,FrRnd,Y,"$1,700,000 ",38.6,1579.0,5527.0,159.0,0.257,0.746,HS,"Henry County HS (McDonough, GA)"
Devin Mesoraco(minors),2007,15,15,1,Reds,C,0.0,FrRnd,Y,"$1,400,000 ",4.7,468.0,1402.0,58.0,0.232,0.715,HS,"Punxsutawney HS (Punxsutawney, PA)"
*Kevin Ahrens(minors),2007,16,16,1,Blue Jays via Rangers,3B,0.0,FrRnd,Y,"$1,440,000 ",0.0,0.0,0.0,0.0,0.0,0.0,HS,"Memorial HS (Houston, TX)"
Pete Kozma(minors),2007,18,18,1,Cardinals,SS,0.0,FrRnd,Y,"$1,395,000 ",-0.5,344.0,746.0,5.0,0.213,0.564,HS,"Owasso HS (Owasso, OK)"
J.P. Arencibia(minors),2007,21,21,1,Blue Jays,C,0.0,FrRnd,Y,"$1,372,500 ",1.9,466.0,1573.0,80.0,0.212,0.67,4Yr,"University of Tennessee (Knoxville, TN)"
Ben Revere(minors),2007,28,28,1,Twins,OF,0.0,FrRnd,Y,"$750,000 ",7.9,857.0,3138.0,7.0,0.284,0.662,HS,"Lexington Catholic HS (Lexington, KY)"
*Wendell Fairley(minors),2007,29,29,1,Giants via Mets,OF,0.0,FrRnd,Y,"$1,000,000 ",0.0,0.0,0.0,0.0,0.0,0.0,HS,"George County HS (Lucedale, MS)"
*Nick Noonan(minors),2007,32,32,1s,Giants,2B,0.0,FrRnd,Y,"$915,750 ",-1.2,83.0,145.0,1.0,0.193,0.473,HS,"Parker HS (San Diego, CA)"
*Jon Gilmore(minors),2007,33,33,1s,Braves,3B,0.0,FrRnd,Y,"$900,000 ",0.0,0.0,0.0,0.0,0.0,0.0,HS,"Iowa City HS (Iowa City, IA)"
*Todd Frazier(minors),2007,34,34,1s,Reds,3B,0.0,FrRnd,Y,"$825,000 ",25.3,1244.0,4392.0,218.0,0.241,0.763,4Yr,"Rutgers, the State University of New Jersey (New Brunswick, NJ)"
*Julio Borbon(minors),2007,35,35,1s,Rangers,OF,0.0,FrRnd,Y,"$800,000 ",1.7,294.0,802.0,8.0,0.273,0.665,4Yr,"University of Tennessee (Knoxville, TN)"
*Travis d'Arnaud(minors),2007,37,37,1s,Phillies,C,0.0,FrRnd,Y,"$832,500 ",5.1,659.0,2278.0,90.0,0.251,0.736,HS,"Lakewood HS (Lakewood, CA)"
*Kellen Kulbacki(minors),2007,40,40,1s,Padres,OF,0.0,FrRnd,Y,"$765,000 ",0.0,0.0,0.0,0.0,0.0,0.0,4Yr,"James Madison University (Harrisonburg, VA)"
*Sean Doolittle(minors),2007,41,41,1s,Athletics,1B,0.0,FrRnd,Y,"$742,500 ",10.0,189.0,4.0,0.0,0.0,0.0,4Yr,"University of Virginia (Charlottesville, VA)"
*Jackson Williams(minors),2007,43,43,1s,Giants,C,0.0,FrRnd,Y,"$708,750 ",0.1,14.0,24.0,1.0,0.208,0.742,4Yr,"University of Oklahoma (Norman, OK)"
*Justin Jackson(minors),2007,45,45,1s,Blue Jays,SS,0.0,FrRnd,Y,"$675,000 ",0.0,0.0,0.0,0.0,0.0,0.0,HS,"T. C. Roberson HS (Asheville, NC)"
*Drew Cumberland(minors),2007,46,46,1s,Padres,SS,0.0,FrRnd,Y,"$661,500 ",0.0,0.0,0.0,0.0,0.0,0.0,HS,"Pace HS (Pace, FL)"
*Josh Donaldson(minors),2007,48,48,1s,Cubs,C,0.0,FrRnd,Y,"$652,500 ",46.2,1262.0,4600.0,257.0,0.267,0.863,4Yr,"Auburn University (Auburn, AL)"
*Michael Burgess(minors),2007,49,49,1s,Nationals,OF,0.0,FrRnd,Y,"$630,000 ",0.0,0.0,0.0,0.0,0.0,0.0,HS,"Hillsborough HS (Tampa, FL)"
*Charlie Culberson(minors),2007,51,51,1s,Giants,2B,0.0,FrRnd,Y,"$607,500 ",-0.4,558.0,1163.0,28.0,0.248,0.676,HS,"Calhoun HS (Calhoun, GA)"
*Matt Mangini(minors),2007,52,52,1s,Mariners,3B,0.0,FrRnd,Y,"$603,000 ",-0.2,11.0,38.0,0.0,0.211,0.461,4Yr,"Oklahoma State University (Stillwater, OK)"
*Mitch Canham(minors),2007,57,57,1s,Padres,C,0.0,FrRnd,Y,"$552,500 ",0.0,0.0,0.0,0.0,0.0,0.0,4Yr,"Oregon State University (Corvallis, OR)"
*Corey Brown(minors),2007,59,59,1s,Athletics,OF,0.0,FrRnd,Y,"$544,500 ",0.4,39.0,41.0,2.0,0.171,0.635,4Yr,"Oklahoma State University (Stillwater, OK)"
*Ed Easley(minors),2007,61,61,1s,Diamondbacks,C,0.0,FrRnd,Y,"$531,000 ",-0.1,4.0,6.0,0.0,0.0,0.0,4Yr,"Mississippi State University (Mississippi State, MS)"
*Ryan Dent(minors),2007,62,62,1s,Red Sox,SS,0.0,FrRnd,Y,"$571,000 ",0.0,0.0,0.0,0.0,0.0,0.0,HS,"Woodrow Wilson HS (Long Beach, CA)"
*Danny Payne(minors),2007,64,64,1s,Padres,OF,0.0,FrRnd,Y,"$517,500 ",0.0,0.0,0.0,0.0,0.0,0.0,4Yr,"Georgia Institute of Technology (Atlanta, GA)"
Evan Longoria(minors),2006,3,3,1,Devil Rays,3B,0.0,FrRnd,Y,"$3,000,000 ",57.6,1866.0,6958.0,325.0,0.266,0.808,4Yr,"California State University, Long Beach (Long Beach, CA)"
Drew Stubbs(minors),2006,8,8,1,Reds,OF,0.0,FrRnd,Y,"$2,000,000 ",7.9,911.0,2834.0,92.0,0.242,0.704,4Yr,"University of Texas at Austin (Austin, TX)"
Billy Rowell(minors),2006,9,9,1,Orioles,3B,0.0,FrRnd,Y,"$2,100,000 ",0.0,0.0,0.0,0.0,0.0,0.0,HS,"Bishop Eustace Preparatory School (Pennsauken, NJ)"
Tyler Colvin(minors),2006,13,13,1,Cubs,OF,0.0,FrRnd,Y,"$1,475,000 ",0.9,441.0,1215.0,49.0,0.239,0.733,4Yr,"Clemson University (Clemson, SC)"
Travis Snider(minors),2006,14,14,1,Blue Jays,OF,0.0,FrRnd,Y,"$1,700,000 ",4.3,630.0,1783.0,54.0,0.244,0.709,HS,"Henry M. Jackson HS (Mill Creek, WA)"
Chris Marrero(minors),2006,15,15,1,Nationals,OF,0.0,FrRnd,Y,"$1,625,000 ",-1.5,54.0,163.0,1.0,0.209,0.493,HS,"Monsignor Edward Pace HS (Miami Gardens, FL)"
Matt Antonelli(minors),2006,17,17,1,Padres,3B,0.0,FrRnd,Y,"$1,575,000 ",-0.3,21.0,57.0,1.0,0.193,0.573,4Yr,"Wake Forest University (Winston-Salem, NC)"
Chris Parmelee(minors),2006,20,20,1,Twins,OF,0.0,FrRnd,Y,"$1,500,000 ",0.0,311.0,917.0,30.0,0.248,0.717,HS,"Chino Hills HS (Chino Hills, CA)"
Maxwell Sapp(minors),2006,23,23,1,Astros,C,0.0,FrRnd,Y,"$1,400,000 ",0.0,0.0,0.0,0.0,0.0,0.0,HS,"Bishop Moore HS (Orlando, FL)"
Cody Johnson(minors),2006,24,24,1,Braves,OF,0.0,FrRnd,Y,"$1,375,000 ",0.0,0.0,0.0,0.0,0.0,0.0,HS,"A. Crawford Mosley HS (Lynn Haven, FL)"
*Hank Conger(minors),2006,25,25,1,Angels via Indians,C,0.0,FrRnd,Y,"$1,350,000 ",2.0,373.0,1013.0,31.0,0.221,0.66,HS,"Huntington Beach HS (Huntington Beach, CA)"
Jason Place(minors),2006,27,27,1,Red Sox,OF,0.0,FrRnd,Y,"$1,300,000 ",0.0,0.0,0.0,0.0,0.0,0.0,HS,"Wren HS (Piedmont, SC)"
*Preston Mattingly(minors),2006,31,31,1s,Dodgers,SS,0.0,FrRnd,Y,"$1,000,000 ",0.0,0.0,0.0,0.0,0.0,0.0,HS,"Central HS (Evansville, IN)"
*Emmanuel Burriss(minors),2006,33,33,1s,Giants,SS,0.0,FrRnd,Y,"$1,000,000 ",-2.7,325.0,768.0,1.0,0.237,0.565,4Yr,"Kent State University (Kent, OH)"
*Kyler Burke(minors),2006,35,35,1s,Padres,OF,0.0,FrRnd,Y,"$950,000 ",0.0,0.0,0.0,0.0,0.0,0.0,HS,"Ooltewah HS (Ooltewah, TN)"
*Chris Coghlan(minors),2006,36,36,1s,Marlins,3B,0.0,FrRnd,Y,"$950,000 ",1.1,801.0,2580.0,53.0,0.258,0.731,4Yr,"University of Mississippi (Oxford, MS)"
*Adrian Cardenas(minors),2006,37,37,1s,Phillies,SS,0.0,FrRnd,Y,"$925,000 ",-0.3,45.0,60.0,0.0,0.183,0.552,HS,"Monsignor Edward Pace HS (Miami Gardens, FL)"
Matt Bush(minors),2004,1,1,1,Padres,SS,0.0,FrRnd,Y,"$3,150,000 ",2.6,8.0,0.0,0.0,0.0,0.0,HS,"Mission Bay HS (San Diego, CA)"
Chris Nelson(minors),2004,9,9,1,Rockies,SS,0.0,FrRnd,Y,"$2,150,000 ",-2.6,282.0,834.0,16.0,0.265,0.699,HS,"Redan HS (Stone Mountain, GA)"
Neil Walker(minors),2004,11,11,1,Pirates,C,0.0,FrRnd,Y,"$1,950,000 ",19.6,1306.0,4583.0,149.0,0.267,0.764,HS,"Pine-Richland HS (Gibsonia, PA)"
Billy Butler(minors),2004,14,14,1,Royals,3B,0.0,FrRnd,Y,"$1,450,000 ",11.9,1414.0,5105.0,147.0,0.29,0.795,HS,"Wolfson HS (Jacksonville, FL)"
Stephen Drew(minors),2004,15,15,1,Diamondbacks,SS,0.0,FrRnd,Y,"$4,000,000 ",15.9,1268.0,4403.0,123.0,0.252,0.741,4Yr,"Florida State University (Tallahassee, FL)"
Josh Fields(minors),2004,18,18,1,White Sox,3B,0.0,FrRnd,Y,"$1,550,000 ",-1.1,217.0,713.0,34.0,0.234,0.724,4Yr,"Oklahoma State University (Stillwater, OK)"
Trevor Plouffe(minors),2004,20,20,1,Twins,SS,0.0,FrRnd,Y,"$1,500,000 ",7.3,830.0,2933.0,106.0,0.242,0.714,HS,"Crespi Carmelite HS (Encino, CA)"
Greg Golson(minors),2004,21,21,1,Phillies,OF,0.0,FrRnd,Y,"$1,475,000 ",-0.6,40.0,41.0,0.0,0.195,0.458,HS,"John B. Connally HS (Austin, TX)"
*Landon Powell(minors),2004,24,24,1,Athletics via Red Sox,C,0.0,FrRnd,Y,"$1,000,000 ",0.2,123.0,363.0,10.0,0.207,0.612,4Yr,"University of South Carolina (Columbia, SC)"
Richie Robnett(minors),2004,26,26,1,Athletics,OF,0.0,FrRnd,Y,"$1,325,000 ",0.0,0.0,0.0,0.0,0.0,0.0,4Yr,"California State University, Fresno (Fresno, CA)"
*Blake DeWitt(minors),2004,28,28,1,Dodgers via Yankees,2B,0.0,FrRnd,Y,"$1,200,000 ",1.9,426.0,1119.0,21.0,0.257,0.705,HS,"Sikeston HS (Sikeston, MO)"
*Matt Campbell(minors),2004,29,29,1,Royals via Giants,lHP,0.0,FrRnd,Y,"$1,100,000 ",0.0,0.0,0.0,0.0,0.0,0.0,4Yr,"University of South Carolina (Columbia, SC)"
*Danny Putnam(minors),2004,36,36,1s,Athletics,OF,0.0,FrRnd,Y,"$950,000 ",-0.2,11.0,28.0,1.0,0.214,0.612,4Yr,"Stanford University (Palo Alto, CA)"
*Jon Poterson(minors),2004,37,37,1s,Yankees,C,0.0,FrRnd,Y,"$925,000 ",0.0,0.0,0.0,0.0,0.0,0.0,HS,"Chandler HS (Chandler, AZ)"
*Gio Gonzalez(minors),2004,38,38,1s,White Sox,lHP,0.0,FrRnd,Y,"$850,000 ",28.3,221.0,410.0,3.0,0.09,0.247,HS,"Monsignor Edward Pace HS (Miami Gardens, FL)"
Justin Upton(minors),2005,1,1,1,Diamondbacks,SS,0.0,FrRnd,Y,"$6,100,000 ",32.3,1842.0,6714.0,325.0,0.261,0.812,HS,"Great Bridge HS (Chesapeake, VA)"
Alex Gordon(minors),2005,2,2,1,Royals,3B,0.0,FrRnd,Y,"$4,000,000 ",34.4,1753.0,6391.0,190.0,0.257,0.749,4Yr,"University of Nebraska-Lincoln (Lincoln, NE)"
Jeff Clement(minors),2005,3,3,1,Mariners,C,0.0,FrRnd,Y,"$3,400,000 ",-1.2,152.0,385.0,14.0,0.218,0.648,4Yr,"University of Southern California (Los Angeles, CA)"
Ryan Zimmerman(minors),2005,4,4,1,Nationals,3B,0.0,FrRnd,Y,"$2,975,000 ",40.1,1799.0,6654.0,284.0,0.277,0.816,4Yr,"University of Virginia (Charlottesville, VA)"
Ryan Braun(minors),2005,5,5,1,Brewers,3B,0.0,FrRnd,Y,"$2,450,000 ",47.1,1766.0,6622.0,352.0,0.296,0.891,4Yr,"University of Miami (Coral Gables, FL)"
Troy Tulowitzki(minors),2005,7,7,1,Rockies,SS,0.0,FrRnd,Y,"$2,300,000 ",44.5,1291.0,4804.0,225.0,0.29,0.856,4Yr,"California State University, Long Beach (Long Beach, CA)"
Cameron Maybin(minors),2005,10,10,1,Tigers,OF,0.0,FrRnd,Y,"$2,650,000 ",13.5,1162.0,3824.0,72.0,0.254,0.697,HS,"T. C. Roberson HS (Asheville, NC)"
Andrew McCutchen(minors),2005,11,11,1,Pirates,OF,0.0,FrRnd,Y,"$1,900,000 ",46.1,1828.0,6786.0,277.0,0.279,0.843,HS,"Fort Meade HS (Fort Meade, FL)"
Jay Bruce(minors),2005,12,12,1,Reds,OF,0.0,FrRnd,Y,"$1,800,000 ",19.9,1650.0,5964.0,319.0,0.244,0.781,HS,"West Brook HS (Beaumont, TX)"
Brandon Snyder(minors),2005,13,13,1,Orioles,C,0.0,FrRnd,Y,"$1,700,000 ",-0.1,122.0,200.0,9.0,0.24,0.731,HS,"Westfield HS (Chantilly, VA)"
Trevor Crowe(minors),2005,14,14,1,Indians,OF,0.0,FrRnd,Y,"$1,695,000 ",0.2,265.0,818.0,4.0,0.24,0.615,4Yr,"University of Arizona (Tucson, AZ)"
*C.J. Henry(minors),2005,17,17,1,Yankees via Phillies,SS,0.0,FrRnd,Y,"$1,575,000 ",0.0,0.0,0.0,0.0,0.0,0.0,HS,"Putnam City HS (Oklahoma City, OK)"
John Mayberry(minors),2005,19,19,1,Rangers,OF,0.0,FrRnd,Y,"$1,525,000 ",1.5,574.0,1386.0,56.0,0.235,0.72,4Yr,"Stanford University (Palo Alto, CA)"
Cliff Pennington(minors),2005,21,21,1,Athletics,SS,0.0,FrRnd,Y,"$1,475,000 ",10.1,971.0,2799.0,36.0,0.242,0.648,4Yr,"Texas A&M University (College Station, TX)"
*Jacoby Ellsbury(minors),2005,23,23,1,Red Sox via Angels,OF,0.0,FrRnd,Y,"$1,400,000 ",31.2,1235.0,4846.0,104.0,0.284,0.76,4Yr,"Oregon State University (Corvallis, OR)"
*Colby Rasmus(minors),2005,28,28,1,Cardinals via Red Sox,OF,0.0,FrRnd,Y,"$1,000,000 ",20.2,1092.0,3704.0,166.0,0.241,0.745,HS,"Russell County HS (Seale, AL)"
Tyler Greene(minors),2005,30,30,1,Cardinals,SS,0.0,FrRnd,Y,"$1,100,000 ",-0.4,288.0,675.0,17.0,0.224,0.645,4Yr,"Georgia Institute of Technology (Atlanta, GA)"
*Johnny Drennen(minors),2005,33,33,1s,Indians,OF,0.0,FrRnd,Y,"$1,000,000 ",0.0,0.0,0.0,0.0,0.0,0.0,HS,"Rancho Bernardo HS (San Diego, CA)"
*Travis Buck(minors),2005,36,36,1s,Athletics,OF,0.0,FrRnd,Y,"$950,000 ",2.8,253.0,810.0,20.0,0.243,0.715,4Yr,"Arizona State University (Tempe, AZ)"
*Eli Iorg(minors),2005,38,38,1s,Astros,OF,0.0,FrRnd,Y,"$900,000 ",0.0,0.0,0.0,0.0,0.0,0.0,4Yr,"University of Tennessee (Knoxville, TN)"
*Hank Sanchez(minors),2005,39,39,1s,Twins,1B,0.0,FrRnd,Y,"$900,000 ",0.0,0.0,0.0,0.0,0.0,0.0,HS,"Mission Bay HS (San Diego, CA)"
*Jed Lowrie(minors),2005,45,45,1s,Red Sox,2B,0.0,FrRnd,Y,"$762,000 ",16.0,1303.0,4599.0,121.0,0.257,0.737,4Yr,"Stanford University (Palo Alto, CA)"
