Name,Year,OvPck,RdPck,Rnd,Tm,Pos,FrRnd,Signed,Bonus,WAR,G.1,W,L,ERA,WHIP,SV,Type,Drafted Out of
Gerrit Cole(minors),2011,1,1,1,Pirates,RHP,FrRnd,Y,"$8,000,000 ",33.3,250.0,124.0,65.0,3.19,1.11,0.0,4Yr,"University of California, Los Angeles (Los Angeles, CA)"
Danny Hultzen(minors),2011,2,2,1,Mariners,LHP,FrRnd,Y,"$6,350,000 ",0.2,6.0,0.0,0.0,0.0,1.8,0.0,4Yr,"University of Virginia (Charlottesville, VA)"
Trevor Bauer(minors),2011,3,3,1,Diamondbacks,RHP,FrRnd,Y,"$3,400,000 ",21.0,222.0,83.0,69.0,3.79,1.24,1.0,4Yr,"University of California, Los Angeles (Los Angeles, CA)"
Dylan Bundy(minors),2011,4,4,1,Orioles,RHP,FrRnd,Y,"$4,000,000 ",7.8,175.0,50.0,61.0,4.7,1.3,0.0,HS,"Owasso HS (Owasso, OK)"
*Archie Bradley(minors),2011,7,7,1s,Diamondbacks,RHP,FrRnd,Y,"$5,000,000 ",5.8,329.0,30.0,29.0,3.92,1.36,32.0,HS,"Broken Arrow HS (Broken Arrow, OK)"
Taylor Jungmann(minors),2011,12,12,1,Brewers,RHP,FrRnd,Y,"$2,525,000 ",1.2,30.0,9.0,13.0,4.54,1.38,0.0,4Yr,"University of Texas at Austin (Austin, TX)"
Jose Fernandez(minors),2011,14,14,1,Marlins,RHP,FrRnd,Y,"$2,000,000 ",14.2,76.0,38.0,17.0,2.58,1.05,0.0,HS,"Braulio Alonso HS (Tampa, FL)"
*Jed Bradley(minors),2011,15,15,1s,Brewers,LHP,FrRnd,Y,"$2,000,000 ",0.0,6.0,1.0,1.0,5.14,1.86,0.0,4Yr,"Georgia Institute of Technology (Atlanta, GA)"
Chris Reed(minors),2011,16,16,1,Dodgers,LHP,FrRnd,Y,"$1,589,000 ",0.0,2.0,0.0,0.0,4.5,1.75,0.0,4Yr,"Stanford University (Palo Alto, CA)"
Sonny Gray(minors),2011,18,18,1,Athletics,RHP,FrRnd,Y,"$1,540,000 ",24.0,234.0,86.0,73.0,3.56,1.21,0.0,4Yr,"Vanderbilt University (Nashville, TN)"
*Matt Barnes(minors),2011,19,19,1,Red Sox via Tigers,RHP,FrRnd,Y,"$1,500,000 ",3.2,405.0,32.0,29.0,4.2,1.35,41.0,4Yr,"University of Connecticut (Storrs, CT)"
Tyler Anderson(minors),2011,20,20,1,Rockies,LHP,FrRnd,Y,"$1,400,000 ",9.3,132.0,38.0,39.0,4.44,1.28,0.0,4Yr,"University of Oregon (Eugene, OR)"
Tyler Beede(minors),2011,21,21,1,Blue Jays,RHP,FrRnd,N,0,0.2,46.0,5.0,12.0,5.07,1.53,0.0,HS,"Lawrence Academy (Groton, MA)"
*Alex Meyer(minors),2011,23,23,1,Nationals via White Sox,RHP,FrRnd,Y,"$2,000,000 ",0.7,22.0,5.0,8.0,4.63,1.46,0.0,4Yr,"University of Kentucky (Lexington, KY)"
*Taylor Guerrieri(minors),2011,24,24,1,Rays via Red Sox,RHP,FrRnd,Y,"$1,600,000 ",0.2,29.0,0.0,0.0,5.5,1.69,0.0,HS,"Spring Valley HS (Columbia, SC)"
Joe Ross(minors),2011,25,25,1,Padres,RHP,FrRnd,Y,"$2,750,000 ",4.9,98.0,26.0,28.0,4.26,1.33,0.0,HS,"Bishop O'Dowd HS (Oakland, CA)"
Robert Stephenson(minors),2011,27,27,1,Reds,RHP,FrRnd,Y,"$2,000,000 ",-0.4,179.0,12.0,15.0,4.94,1.45,2.0,HS,"Alhambra HS (Martinez, CA)"
Sean Gilmartin(minors),2011,28,28,1,Braves,LHP,FrRnd,Y,"$1,134,000 ",1.1,81.0,4.0,5.0,4.34,1.42,0.0,4Yr,"Florida State University (Tallahassee, FL)"
*Kevin Matthews(minors),2011,33,33,1,Rangers via Phillies,LHP,FrRnd,Y,"$936,000 ",0.0,0.0,0.0,0.0,0.0,0.0,0.0,HS,"Richmond Hill HS (Richmond Hill, GA)"
*Henry Owens(minors),2011,36,36,1s,Red Sox,LHP,FrRnd,Y,"$1,550,000 ",0.1,16.0,4.0,6.0,5.19,1.52,0.0,HS,"Edison HS (Huntington Beach, CA)"
*Jeff Ames(minors),2011,42,42,1s,Rays,RHP,FrRnd,Y,"$650,000 ",0.0,0.0,0.0,0.0,0.0,0.0,0.0,JC,"Lower Columbia College (Longview, WA)"
*Andrew Chafin(minors),2011,43,43,1s,Diamondbacks,LHP,FrRnd,Y,"$875,000 ",7.2,441.0,12.0,18.0,3.25,1.22,9.0,4Yr,"Kent State University (Kent, OH)"
*Michael Fulmer(minors),2011,44,44,1s,Mets,RHP,FrRnd,Y,"$937,500 ",12.7,168.0,31.0,41.0,3.85,1.23,15.0,HS,"Deer Creek HS (Edmond, OK)"
*Joe Musgrove(minors),2011,46,46,1s,Blue Jays,RHP,FrRnd,Y,"$500,000 ",10.0,154.0,48.0,49.0,3.81,1.16,2.0,HS,"Grossmont HS (La Mesa, CA)"
*Michael Kelly(minors),2011,48,48,1s,Padres,RHP,FrRnd,Y,"$718,000 ",0.1,2.0,0.0,0.0,0.0,0.5,0.0,HS,"West Boca Raton Community HS (Boca Raton, FL)"
*Kyle Crick(minors),2011,49,49,1s,Giants,RHP,FrRnd,Y,"$900,000 ",1.6,194.0,9.0,11.0,3.56,1.32,2.0,HS,"Sherman HS (Sherman, TX)"
*Blake Snell(minors),2011,52,52,1s,Rays,LHP,FrRnd,Y,"$684,000 ",12.7,143.0,49.0,41.0,3.51,1.26,0.0,HS,"Shorewood HS (Shoreline, WA)"
*Hudson Boyd(minors),2011,55,55,1s,Twins,RHP,FrRnd,Y,"$1,000,000 ",0.0,0.0,0.0,0.0,0.0,0.0,0.0,HS,"Bishop Verot HS (Fort Myers, FL)"
*Kevin Comer(minors),2011,57,57,1s,Blue Jays,RHP,FrRnd,Y,"$1,650,000 ",0.0,0.0,0.0,0.0,0.0,0.0,0.0,HS,"Seneca HS (Tabernacle, NJ)"
*Grayson Garvin(minors),2011,59,59,1s,Rays,LHP,FrRnd,Y,"$370,000 ",0.0,0.0,0.0,0.0,0.0,0.0,0.0,4Yr,"Vanderbilt University (Nashville, TN)"
Jameson Taillon(minors),2010,2,2,1,Pirates,RHP,FrRnd,Y,"$6,500,000 ",11.3,127.0,46.0,32.0,3.79,1.23,0.0,HS,"The Woodlands HS (The Woodlands, TX)"
Drew Pomeranz(minors),2010,5,5,1,Indians,LHP,FrRnd,Y,"$2,650,000 ",12.4,289.0,48.0,58.0,3.91,1.35,9.0,4Yr,"University of Mississippi (Oxford, MS)"
Barret Loux(minors),2010,6,6,1,Diamondbacks,RHP,FrRnd,N,0,0.0,0.0,0.0,0.0,0.0,0.0,0.0,4Yr,"Texas A&M University (College Station, TX)"
Matt Harvey(minors),2010,7,7,1,Mets,RHP,FrRnd,Y,"$2,525,000 ",9.4,180.0,50.0,66.0,4.42,1.29,0.0,4Yr,"University of North Carolina at Chapel Hill (Chapel Hill, NC)"
Karsten Whitson(minors),2010,9,9,1,Padres,RHP,FrRnd,N,0,0.0,0.0,0.0,0.0,0.0,0.0,0.0,HS,"Chipley HS (Chipley, FL)"
Deck McGuire(minors),2010,11,11,1,Blue Jays,RHP,FrRnd,Y,"$2,000,000 ",-0.2,27.0,1.0,3.0,5.23,1.47,0.0,4Yr,"Georgia Institute of Technology (Atlanta, GA)"
Chris Sale(minors),2010,13,13,1,White Sox,LHP,FrRnd,Y,"$1,656,000 ",45.5,321.0,114.0,74.0,3.03,1.04,12.0,4Yr,"Florida Gulf Coast University (Fort Myers, FL)"
Dylan Covey(minors),2010,14,14,1,Brewers,RHP,FrRnd,N,0,-3.0,71.0,6.0,29.0,6.57,1.59,0.0,HS,"Maranatha HS (Pasadena, CA)"
Hayden Simpson(minors),2010,16,16,1,Cubs,RHP,FrRnd,Y,"$1,060,000 ",0.0,0.0,0.0,0.0,0.0,0.0,0.0,4Yr,"Southern Arkansas University (Magnolia, AR)"
*Kaleb Cowart(minors),2010,18,18,1,Angels via Mariners,RHP,FrRnd,Y,"$2,300,000 ",-1.4,0.0,0.0,0.0,0.0,0.0,0.0,HS,"Cook HS (Adel, GA)"
*Mike Foltynewicz(minors),2010,19,19,1,Astros via Tigers,RHP,FrRnd,Y,"$1,305,000 ",4.3,166.0,46.0,54.0,4.52,1.32,0.0,HS,"Minooka HS (Minooka, IL)"
Alex Wimmers(minors),2010,21,21,1,Twins,RHP,FrRnd,Y,"$1,332,000 ",0.2,22.0,1.0,3.0,4.38,1.66,0.0,4Yr,"The Ohio State University (Columbus, OH)"
Jesse Biddle(minors),2010,27,27,1,Phillies,LHP,FrRnd,Y,"$1,160,000 ",-0.6,99.0,6.0,2.0,5.07,1.6,1.0,HS,"Germantown Friends HS (Philadelphia, PA)"
Zach Lee(minors),2010,28,28,1,Dodgers,RHP,FrRnd,Y,"$5,250,000 ",-0.3,4.0,1.0,1.0,8.53,2.21,0.0,HS,"McKinney HS (McKinney, TX)"
*Cam Bedrosian(minors),2010,29,29,1,Angels via Red Sox,RHP,FrRnd,Y,"$1,116,000 ",1.7,311.0,17.0,13.0,3.81,1.37,9.0,HS,"East Coweta HS (Sharpsburg, GA)"
Cito Culver(minors),2010,32,32,1,Yankees,RHP,FrRnd,Y,"$954,000 ",0.0,0.0,0.0,0.0,0.0,0.0,0.0,HS,"Irondequoit HS (Rochester, NY)"
*Aaron Sanchez(minors),2010,34,34,1s,Blue Jays,RHP,FrRnd,Y,"$775,000 ",8.2,166.0,38.0,37.0,4.14,1.38,3.0,HS,"Barstow HS (Barstow, CA)"
*Noah Syndergaard(minors),2010,38,38,1s,Blue Jays,RHP,FrRnd,Y,"$600,000 ",15.7,134.0,52.0,38.0,3.37,1.16,0.0,HS,"Legacy HS (Mansfield, TX)"
*Anthony Ranaudo(minors),2010,39,39,1s,Red Sox,RHP,FrRnd,Y,"$2,550,000 ",-1.6,20.0,5.0,5.0,7.01,1.59,0.0,4Yr,"Louisiana State University (Baton Rouge, LA)"
*Asher Wojciechowski(minors),2010,41,41,1s,Blue Jays,RHP,FrRnd,Y,"$815,400 ",-0.3,58.0,9.0,15.0,5.93,1.46,0.0,4Yr,"The Citadel (Charleston, SC)"
*Taijuan Walker(minors),2010,43,43,1s,Mariners,RHP,FrRnd,Y,"$800,000 ",9.8,152.0,49.0,47.0,3.87,1.22,0.0,HS,"Yucaipa HS (Yucaipa, CA)"
*Luke Jackson(minors),2010,45,45,1s,Rangers,RHP,FrRnd,Y,"$1,545,000 ",2.2,253.0,16.0,6.0,4.24,1.47,19.0,HS,"Calvary Christian HS (Fort Lauderdale, FL)"
*Seth Blair(minors),2010,46,46,1s,Cardinals,RHP,FrRnd,Y,"$751,500 ",0.0,0.0,0.0,0.0,0.0,0.0,0.0,4Yr,"Arizona State University (Tempe, AZ)"
*Pete Tago(minors),2010,47,47,1s,Rockies,RHP,FrRnd,Y,"$982,500 ",0.0,0.0,0.0,0.0,0.0,0.0,0.0,HS,"Dana Hills HS (Dana Point, CA)"
*Chance Ruffin(minors),2010,48,48,1s,Tigers,RHP,FrRnd,Y,"$1,150,000 ",-0.5,24.0,1.0,2.0,5.6,1.68,0.0,4Yr,"University of Texas at Austin (Austin, TX)"
*Tyrell Jenkins(minors),2010,50,50,1s,Cardinals,RHP,FrRnd,Y,"$1,300,000 ",-0.4,14.0,2.0,4.0,5.88,1.69,0.0,HS,"Henderson HS (Henderson, TX)"
Kevin Gausman(minors),2012,4,4,1,Orioles,RHP,FrRnd,Y,"$4,320,000 ",18.1,252.0,70.0,78.0,3.94,1.28,0.0,4Yr,"Louisiana State University (Baton Rouge, LA)"
Kyle Zimmer(minors),2012,5,5,1,Royals,RHP,FrRnd,Y,"$3,000,000 ",0.0,83.0,5.0,2.0,5.19,1.54,2.0,4Yr,"University of San Francisco (San Francisco, CA)"
Max Fried(minors),2012,7,7,1,Padres,LHP,FrRnd,Y,"$3,000,000 ",15.9,111.0,48.0,20.0,3.22,1.19,0.0,HS,"Harvard-Westlake HS (Los Angeles, CA)"
Mark Appel(minors),2012,8,8,1,Pirates,RHP,FrRnd,N,0,0.1,2.0,0.0,0.0,0.0,0.5,0.0,4Yr,"Stanford University (Palo Alto, CA)"
Andrew Heaney(minors),2012,9,9,1,Marlins,LHP,FrRnd,Y,"$2,600,000 ",6.4,124.0,33.0,38.0,4.63,1.25,0.0,4Yr,"Oklahoma State University (Stillwater, OK)"
Nick Travieso(minors),2012,14,14,1,Reds,RHP,FrRnd,Y,"$2,000,000 ",0.0,0.0,0.0,0.0,0.0,0.0,0.0,HS,"Archbishop McCarthy HS (Southwest Ranches, FL)"
Lucas Giolito(minors),2012,16,16,1,Nationals,RHP,FrRnd,Y,"$2,925,000 ",10.4,131.0,47.0,42.0,4.26,1.22,0.0,HS,"Harvard-Westlake HS (Los Angeles, CA)"
*Michael Wacha(minors),2012,19,19,1,Cardinals via Angels,RHP,FrRnd,Y,"$1,900,000 ",9.4,215.0,69.0,49.0,4.05,1.32,0.0,4Yr,"Texas A&M University (College Station, TX)"
Chris Stratton(minors),2012,20,20,1,Giants,RHP,FrRnd,Y,"$1,850,000 ",1.0,211.0,29.0,23.0,4.6,1.45,11.0,4Yr,"Mississippi State University (Mississippi State, MS)"
Lucas Sims(minors),2012,21,21,1,Braves,RHP,FrRnd,Y,"$1,650,000 ",0.9,120.0,14.0,10.0,4.97,1.29,8.0,HS,"Brookwood HS (Snellville, GA)"
*Marcus Stroman(minors),2012,22,22,1,Blue Jays,RHP,FrRnd,Y,"$1,800,000 ",17.5,188.0,63.0,65.0,3.71,1.26,1.0,4Yr,"Duke University (Durham, NC)"
Ty Hensley(minors),2012,30,30,1,Yankees,RHP,FrRnd,Y,"$1,200,000 ",0.0,0.0,0.0,0.0,0.0,0.0,0.0,HS,"Edmond Santa Fe HS (Edmond, OK)"
*Brian Johnson(minors),2012,31,31,1s,Red Sox,LHP,FrRnd,Y,"$1,575,000 ",0.9,65.0,7.0,9.0,4.74,1.55,0.0,4Yr,"University of Florida (Gainesville, FL)"
*Jose Berrios(minors),2012,32,32,1s,Twins,RHP,FrRnd,Y,"$1,550,000 ",10.8,164.0,66.0,51.0,4.19,1.24,0.0,HS,"Papa Juan HS (Bayamon, Puerto Rico)"
*Zach Eflin(minors),2012,33,33,1s,Padres,RHP,FrRnd,Y,"$1,200,000 ",6.5,120.0,36.0,45.0,4.53,1.3,0.0,HS,"Paul J. Hagerty HS (Oviedo, FL)"
*Pat Light(minors),2012,37,37,1s,Red Sox,RHP,FrRnd,Y,"$1,000,000 ",-0.7,17.0,0.0,1.0,11.34,2.28,0.0,4Yr,"Monmouth University (West Long Branch, NJ)"
*Shane Watson(minors),2012,40,40,1s,Phillies,RHP,FrRnd,Y,"$1,291,300 ",0.0,0.0,0.0,0.0,0.0,0.0,0.0,HS,"Lakewood HS (Lakewood, CA)"
*Lance McCullers Jr.(minors),2012,41,41,1s,Astros,RHP,FrRnd,Y,"$2,500,000 ",9.7,122.0,45.0,30.0,3.57,1.25,0.0,HS,"Jesuit HS (Tampa, FL)"
*Luke Bard(minors),2012,42,42,1s,Twins,RHP,FrRnd,Y,"$1,227,000 ",0.6,50.0,3.0,3.0,4.63,1.1,0.0,4Yr,"Georgia Institute of Technology (Atlanta, GA)"
*Pierce Johnson(minors),2012,43,43,1s,Cubs,RHP,FrRnd,Y,"$1,196,000 ",0.9,131.0,9.0,8.0,3.97,1.32,0.0,4Yr,"Missouri State University (Springfield, MO)"
*Eddie Butler(minors),2012,46,46,1s,Rockies,RHP,FrRnd,Y,"$1,000,000 ",-2.3,79.0,12.0,22.0,5.8,1.66,2.0,4Yr,"Radford University (Radford, VA)"
*Matt Smoral(minors),2012,50,50,1s,Blue Jays,LHP,FrRnd,Y,"$2,000,000 ",0.0,0.0,0.0,0.0,0.0,0.0,0.0,HS,"Solon HS (Solon, OH)"
*Collin Wiles(minors),2012,53,53,1s,Rangers,RHP,FrRnd,Y,"$975,000 ",0.0,0.0,0.0,0.0,0.0,0.0,0.0,HS,"Blue Valley West HS (Stilwell, KS)"
*Mitch Gueller(minors),2012,54,54,1s,Phillies,RHP,FrRnd,Y,"$940,200 ",0.0,0.0,0.0,0.0,0.0,0.0,0.0,HS,"W. F. West HS (Chehalis, WA)"
*Walker Weickel(minors),2012,55,55,1,Padres,RHP,FrRnd,Y,"$2,000,000 ",0.0,0.0,0.0,0.0,0.0,0.0,0.0,HS,"Olympia HS (Orlando, FL)"
*Paul Blackburn(minors),2012,56,56,1s,Cubs,RHP,FrRnd,Y,"$911,700 ",2.4,46.0,12.0,14.0,4.64,1.36,0.0,HS,"Heritage HS (Brentwood, CA)"
*Tyler Gonzales(minors),2012,60,60,1s,Blue Jays,RHP,FrRnd,Y,"$750,000 ",0.0,0.0,0.0,0.0,0.0,0.0,0.0,HS,"James Madison HS (San Antonio, TX)"
Mark Appel(minors),2013,1,1,1,Astros,RHP,FrRnd,Y,"$6,350,000 ",0.1,2.0,0.0,0.0,0.0,0.5,0.0,4Yr,"Stanford University (Palo Alto, CA)"
Jon Gray(minors),2013,3,3,1,Rockies,RHP,FrRnd,Y,"$4,800,000 ",11.3,166.0,57.0,53.0,4.54,1.32,0.0,4Yr,"University of Oklahoma (Norman, OK)"
Kohl Stewart(minors),2013,4,4,1,Twins,RHP,FrRnd,Y,"$4,544,400 ",0.2,21.0,5.0,4.0,4.88,1.48,0.0,HS,"St. Pius X HS (Houston, TX)"
Trey Ball(minors),2013,7,7,1,Red Sox,LHP,FrRnd,Y,"$2,750,000 ",0.0,0.0,0.0,0.0,0.0,0.0,0.0,HS,"New Castle Chrysler HS (New Castle, IN)"
Phil Bickford(minors),2013,10,10,1,Blue Jays,RHP,FrRnd,N,0,0.9,85.0,4.0,3.0,3.84,1.1,1.0,HS,"Oaks Christian HS (Westlake, CA)"
Braden Shipley(minors),2013,15,15,1,Diamondbacks,RHP,FrRnd,Y,"$2,250,000 ",-0.1,26.0,4.0,6.0,5.49,1.6,0.0,4Yr,"University of Nevada, Reno (Reno, NV)"
Chris Anderson(minors),2013,18,18,1,Dodgers,RHP,FrRnd,Y,"$2,109,900 ",0.0,0.0,0.0,0.0,0.0,0.0,0.0,4Yr,"Jacksonville University (Jacksonville, FL)"
Marco Gonzales(minors),2013,19,19,1,Cardinals,LHP,FrRnd,Y,"$1,850,000 ",9.7,137.0,55.0,42.0,3.97,1.27,0.0,4Yr,"Gonzaga University (Spokane, WA)"
Jonathon Crawford(minors),2013,20,20,1,Tigers,RHP,FrRnd,Y,"$2,001,700 ",0.0,0.0,0.0,0.0,0.0,0.0,0.0,4Yr,"University of Florida (Gainesville, FL)"
Hunter Harvey(minors),2013,22,22,1,Orioles,RHP,FrRnd,Y,"$1,947,600 ",0.6,30.0,1.0,2.0,3.08,1.14,0.0,HS,"Bandys HS (Catawba, NC)"
Chi Chi Gonzalez(minors),2013,23,23,1,Rangers,RHP,FrRnd,Y,"$2,215,000 ",-0.2,66.0,9.0,24.0,5.66,1.48,0.0,4Yr,"Oral Roberts University (Tulsa, OK)"
*Rob Kaminsky(minors),2013,28,28,1,Cardinals via Brewers,LHP,FrRnd,Y,"$1,785,300 ",-0.1,5.0,0.0,0.0,1.93,1.07,0.0,HS,"St. Joseph Regional HS (Montvale, NJ)"
*Ryne Stanek(minors),2013,29,29,1,Rays via Braves,RHP,FrRnd,Y,"$1,755,800 ",3.1,254.0,6.0,12.0,3.52,1.27,4.0,4Yr,"University of Arkansas (Fayetteville, AR)"
*Jason Hursh(minors),2013,31,31,1,Braves via Indians,RHP,FrRnd,Y,"$1,704,200 ",-0.2,11.0,1.0,0.0,8.25,2.0,0.0,4Yr,"Oklahoma State University (Stillwater, OK)"
*Ian Clarkin(minors),2013,33,33,1,Yankees via Nationals,LHP,FrRnd,Y,"$1,650,100 ",0.0,0.0,0.0,0.0,0.0,0.0,0.0,HS,"Madison HS (San Diego, CA)"
Sean Manaea(minors),2013,34,34,1,Royals,LHP,FrRnd,Y,"$3,550,000 ",12.8,144.0,53.0,45.0,3.9,1.21,0.0,4Yr,"Indiana State University (Terre Haute, IN)"
Matt Krook(minors),2013,35,35,1,Marlins,LHP,FrRnd,N,0,0.0,0.0,0.0,0.0,0.0,0.0,0.0,HS,"St. Ignatius College Preparatory (San Francisco, CA)"
Aaron Blair(minors),2013,36,36,1,Diamondbacks,RHP,FrRnd,Y,"$1,435,000 ",-2.0,16.0,2.0,8.0,7.89,1.73,0.0,4Yr,"Marshall University (Huntington, WV)"
Michael Lorenzen(minors),2013,38,38,1,Reds,RHP,FrRnd,Y,"$1,500,000 ",6.6,308.0,29.0,29.0,4.18,1.37,14.0,4Yr,"California State University, Fullerton (Fullerton, CA)"
Corey Knebel(minors),2013,39,39,1,Tigers,RHP,FrRnd,Y,"$1,433,400 ",5.4,300.0,12.0,16.0,3.23,1.23,71.0,4Yr,"University of Texas at Austin (Austin, TX)"
Brady Aiken(minors),2014,1,1,1,Astros,LHP,FrRnd,N,0,0.0,0.0,0.0,0.0,0.0,0.0,0.0,HS,"Cathedral Catholic HS (San Diego, CA)"
Tyler Kolek(minors),2014,2,2,1,Marlins,RHP,FrRnd,Y,"$6,000,000 ",0.0,0.0,0.0,0.0,0.0,0.0,0.0,HS,"Shepherd HS (Shepherd, TX)"
Carlos Rodon(minors),2014,3,3,1,White Sox,LHP,FrRnd,Y,"$6,582,000 ",14.0,137.0,49.0,43.0,3.68,1.27,0.0,4Yr,"North Carolina State University (Raleigh, NC)"
Aaron Nola(minors),2014,7,7,1,Phillies,RHP,FrRnd,Y,"$3,300,900 ",26.9,187.0,72.0,54.0,3.63,1.14,0.0,4Yr,"Louisiana State University (Baton Rouge, LA)"
Kyle Freeland(minors),2014,8,8,1,Rockies,LHP,FrRnd,Y,"$2,300,000 ",15.2,140.0,44.0,46.0,4.23,1.4,0.0,4Yr,"University of Evansville (Evansville, IN)"
Jeff Hoffman(minors),2014,9,9,1,Blue Jays,RHP,FrRnd,Y,"$3,080,800 ",-0.3,127.0,14.0,21.0,5.68,1.58,1.0,4Yr,"East Carolina University (Greenville, NC)"
Kodi Medeiros(minors),2014,12,12,1,Brewers,LHP,FrRnd,Y,"$2,500,000 ",0.0,0.0,0.0,0.0,0.0,0.0,0.0,HS,"Waiakea HS (Waiakea, HI)"
Tyler Beede(minors),2014,14,14,1,Giants,RHP,FrRnd,Y,"$2,613,200 ",0.2,45.0,5.0,12.0,5.04,1.52,0.0,4Yr,"Vanderbilt University (Nashville, TN)"
Sean Newcomb(minors),2014,15,15,1,Angels,LHP,FrRnd,Y,"$2,518,400 ",3.0,148.0,24.0,23.0,4.39,1.47,2.0,4Yr,"University of Hartford (West Hartford, CT)"
Touki Toussaint(minors),2014,16,16,1,Diamondbacks,RHP,FrRnd,Y,"$2,700,000 ",-0.8,49.0,9.0,6.0,5.46,1.5,0.0,HS,"Coral Springs Christian Academy (Coral Springs, FL)"
Brandon Finnegan(minors),2014,17,17,1,Royals,LHP,FrRnd,Y,"$2,200,600 ",2.2,67.0,16.0,18.0,4.11,1.39,0.0,4Yr,"Texas Christian University (Fort Worth, TX)"
Erick Fedde(minors),2014,18,18,1,Nationals,RHP,FrRnd,Y,"$2,511,100 ",1.4,91.0,20.0,25.0,5.06,1.47,0.0,4Yr,"University of Nevada, Las Vegas (Paradise, NV)"
Nick Howard(minors),2014,19,19,1,Reds,RHP,FrRnd,Y,"$1,990,500 ",0.0,0.0,0.0,0.0,0.0,0.0,0.0,4Yr,"University of Virginia (Charlottesville, VA)"
Grant Holmes(minors),2014,22,22,1,Dodgers,RHP,FrRnd,Y,"$2,500,000 ",0.0,0.0,0.0,0.0,0.0,0.0,0.0,HS,"Conway HS (Conway, SC)"
Luke Weaver(minors),2014,27,27,1,Cardinals,RHP,FrRnd,Y,"$1,843,000 ",1.5,95.0,24.0,36.0,4.8,1.39,0.0,4Yr,"Florida State University (Tallahassee, FL)"
Foster Griffin(minors),2014,28,28,1,Royals,LHP,FrRnd,Y,"$1,925,000 ",-0.2,6.0,1.0,0.0,9.0,1.67,0.0,HS,"The First Academy (Orlando, FL)"
Luis Ortiz(minors),2014,30,30,1,Rangers,RHP,FrRnd,Y,"$1,750,000 ",-0.4,3.0,0.0,2.0,12.71,3.35,0.0,HS,"Sanger HS (Sanger, CA)"
Justus Sheffield(minors),2014,31,31,1,Indians,LHP,FrRnd,Y,"$1,600,000 ",-0.6,47.0,11.0,12.0,5.37,1.62,0.0,HS,"Tullahoma HS (Tullahoma, TN)"
Michael Kopech(minors),2014,33,33,1,Red Sox,RHP,FrRnd,Y,"$1,500,000 ",3.5,62.0,7.0,9.0,3.32,1.12,0.0,HS,"Mount Pleasant HS (Mount Pleasant, TX)"
Jack Flaherty(minors),2014,34,34,1,Cardinals,RHP,FrRnd,Y,"$2,000,000 ",9.3,96.0,32.0,24.0,3.38,1.09,0.0,HS,"Harvard-Westlake HS (Los Angeles, CA)"
Dillon Tate(minors),2015,4,4,1,Rangers,RHP,FrRnd,Y,"$4,200,000 ",2.2,124.0,1.0,12.0,3.95,1.15,5.0,4Yr,"University of California, Santa Barbara (Santa Barbara, CA)"
Tyler Jay(minors),2015,6,6,1,Twins,LHP,FrRnd,Y,"$3,889,500 ",0.0,0.0,0.0,0.0,0.0,0.0,0.0,4Yr,"University of Illinois at Urbana-Champaign (Champaign, IL)"
Carson Fulmer(minors),2015,8,8,1,White Sox,RHP,FrRnd,Y,"$3,470,600 ",-1.2,74.0,6.0,9.0,6.41,1.58,0.0,4Yr,"Vanderbilt University (Nashville, TN)"
Kolby Allard(minors),2015,14,14,1,Braves,LHP,FrRnd,Y,"$3,042,400 ",-1.0,62.0,8.0,23.0,5.89,1.41,1.0,HS,"San Clemente HS (San Clemente, CA)"
James Kaprielian(minors),2015,16,16,1,Yankees,RHP,FrRnd,Y,"$2,650,000 ",1.1,38.0,9.0,10.0,4.57,1.28,0.0,4Yr,"University of California, Los Angeles (Los Angeles, CA)"
Brady Aiken(minors),2015,17,17,1,Indians,LHP,FrRnd,Y,"$2,513,280 ",0.0,0.0,0.0,0.0,0.0,0.0,0.0,HS,"IMG Academy (Bradenton, FL)"
Phil Bickford(minors),2015,18,18,1,Giants,RHP,FrRnd,Y,"$2,333,800 ",0.9,85.0,4.0,3.0,3.84,1.1,1.0,JC,"College of Southern Nevada (Henderson, NV)"
Ashe Russell(minors),2015,21,21,1,Royals,RHP,FrRnd,Y,"$2,190,200 ",0.0,0.0,0.0,0.0,0.0,0.0,0.0,HS,"Cathedral HS (Indianapolis, IN)"
Beau Burrows(minors),2015,22,22,1,Tigers,RHP,FrRnd,Y,"$2,154,200 ",-0.7,11.0,0.0,1.0,10.7,1.98,0.0,HS,"Weatherford HS (Weatherford, TX)"
Walker Buehler(minors),2015,24,24,1,Dodgers,RHP,FrRnd,Y,"$1,777,500 ",13.2,115.0,46.0,16.0,3.02,1.04,0.0,4Yr,"Vanderbilt University (Nashville, TN)"
Mike Nikorak(minors),2015,27,27,1,Rockies,RHP,FrRnd,Y,"$2,300,000 ",0.0,0.0,0.0,0.0,0.0,0.0,0.0,HS,"Stroudsburg HS (Stroudsburg, PA)"
Mike Soroka(minors),2015,28,28,1,Braves,RHP,FrRnd,Y,"$1,974,700 ",6.1,37.0,15.0,6.0,2.86,1.16,0.0,HS,"Bishop Carroll HS (Calgary, AB)"
Jon Harris(minors),2015,29,29,1,Blue Jays,RHP,FrRnd,Y,"$1,944,800 ",0.0,0.0,0.0,0.0,0.0,0.0,0.0,4Yr,"Missouri State University (Springfield, MO)"
Nolan Watson(minors),2015,33,33,1,Royals,RHP,FrRnd,Y,"$1,825,200 ",0.0,0.0,0.0,0.0,0.0,0.0,0.0,HS,"Lawrence North HS (Indianapolis, IN)"
Kyle Funkhouser(minors),2015,35,35,1,Dodgers,RHP,FrRnd,N,0,0.7,70.0,8.0,5.0,4.2,1.51,1.0,4Yr,"University of Louisville (Louisville, KY)"
Jake Woodford(minors),2015,39,39,1,Cardinals,RHP,FrRnd,Y,"$1,800,000 ",0.2,49.0,5.0,4.0,4.12,1.3,0.0,HS,"H. B. Plant HS (Tampa, FL)"
Nathan Kirby(minors),2015,40,40,1,Brewers,LHP,FrRnd,Y,"$1,250,000 ",0.0,0.0,0.0,0.0,0.0,0.0,0.0,4Yr,"University of Virginia (Charlottesville, VA)"
Triston McKenzie(minors),2015,42,42,1,Indians,RHP,FrRnd,Y,"$2,302,500 ",2.8,48.0,12.0,16.0,4.26,1.07,0.0,HS,"Royal Palm Beach HS (Royal Palm Beach, FL)"
Stephen Strasburg(minors),2009,1,1,1,Nationals,RHP,FrRnd,Y,"$7,500,000 ",32.3,247.0,113.0,62.0,3.24,1.1,0.0,4Yr,"San Diego State University (San Diego, CA)"
Matt Hobgood(minors),2009,5,5,1,Orioles,RHP,FrRnd,Y,"$2,422,000 ",0.0,0.0,0.0,0.0,0.0,0.0,0.0,HS,"Norco HS (Norco, CA)"
Zack Wheeler(minors),2009,6,6,1,Giants,RHP,FrRnd,Y,"$3,300,000 ",22.8,184.0,69.0,54.0,3.44,1.21,0.0,HS,"East Paulding HS (Dallas, GA)"
Mike Minor(minors),2009,7,7,1,Braves,LHP,FrRnd,Y,"$2,420,000 ",19.2,282.0,80.0,83.0,4.18,1.23,6.0,4Yr,"Vanderbilt University (Nashville, TN)"
Mike Leake(minors),2009,8,8,1,Reds,RHP,FrRnd,Y,"$2,270,000 ",16.2,301.0,105.0,98.0,4.05,1.28,0.0,4Yr,"Arizona State University (Tempe, AZ)"
Jacob Turner(minors),2009,9,9,1,Tigers,RHP,FrRnd,Y,"$4,700,000 ",-2.6,102.0,14.0,31.0,5.37,1.54,0.0,HS,"Westminster Christian Academy (Town and Country, MO)"
*Drew Storen(minors),2009,10,10,1s,Nationals,RHP,FrRnd,Y,"$1,600,000 ",4.8,470.0,29.0,18.0,3.45,1.19,99.0,4Yr,"Stanford University (Palo Alto, CA)"
Tyler Matzek(minors),2009,11,11,1,Rockies,LHP,FrRnd,Y,"$3,900,000 ",5.5,129.0,12.0,20.0,3.55,1.36,0.0,HS,"Capistrano Valley HS (Mission Viejo, CA)"
Aaron Crow(minors),2009,12,12,1,Royals,RHP,FrRnd,Y,"$1,500,000 ",2.7,254.0,20.0,11.0,3.43,1.32,6.0,0,0
Matt Purke(minors),2009,14,14,1,Rangers,LHP,FrRnd,N,0,-0.1,12.0,0.0,1.0,5.5,1.78,0.0,HS,"Klein HS (Klein, TX)"
Alex White(minors),2009,15,15,1,Indians,RHP,FrRnd,Y,"$2,250,000 ",-0.4,33.0,5.0,13.0,6.03,1.69,0.0,4Yr,"University of North Carolina at Chapel Hill (Chapel Hill, NC)"
Chad James(minors),2009,18,18,1,Marlins,LHP,FrRnd,Y,"$1,700,000 ",0.0,0.0,0.0,0.0,0.0,0.0,0.0,HS,"Yukon HS (Yukon, OK)"
Shelby Miller(minors),2009,19,19,1,Cardinals,RHP,FrRnd,Y,"$2,875,000 ",7.6,163.0,38.0,57.0,4.19,1.37,0.0,HS,"Brownwood HS (Brownwood, TX)"
Chad Jenkins(minors),2009,20,20,1,Blue Jays,RHP,FrRnd,Y,"$1,359,000 ",1.4,46.0,3.0,4.0,3.31,1.25,0.0,4Yr,"Kennesaw State University (Kennesaw, GA)"
Kyle Gibson(minors),2009,22,22,1,Twins,RHP,FrRnd,Y,"$1,850,000 ",14.0,252.0,83.0,86.0,4.48,1.39,0.0,4Yr,"University of Missouri (Columbia, MO)"
Eric Arnett(minors),2009,26,26,1,Brewers,RHP,FrRnd,Y,"$1,197,000 ",0.0,0.0,0.0,0.0,0.0,0.0,0.0,4Yr,"Indiana University Bloomington (Bloomington, IN)"
*Rex Brothers(minors),2009,34,34,1s,Rockies,LHP,FrRnd,Y,"$969,000 ",4.4,374.0,23.0,16.0,4.08,1.49,21.0,4Yr,"Lipscomb University (Nashville, TN)"
*Aaron Miller(minors),2009,36,36,1s,Dodgers,LHP,FrRnd,Y,"$889,200 ",0.0,0.0,0.0,0.0,0.0,0.0,0.0,4Yr,"Baylor University (Waco, TX)"
*James Paxton(minors),2009,37,37,1s,Blue Jays,LHP,FrRnd,N,0,12.5,137.0,57.0,33.0,3.59,1.21,0.0,4Yr,"University of Kentucky (Lexington, KY)"
*Tyler Skaggs(minors),2009,40,40,1s,Angels,LHP,FrRnd,Y,"$1,000,000 ",3.6,96.0,28.0,38.0,4.41,1.33,0.0,HS,"Santa Monica HS (Santa Monica, CA)"
*Garrett Richards(minors),2009,42,42,1s,Angels,RHP,FrRnd,Y,"$802,800 ",9.0,248.0,55.0,50.0,3.78,1.3,5.0,4Yr,"University of Oklahoma (Norman, OK)"
*Brad Boxberger(minors),2009,43,43,1s,Reds,RHP,FrRnd,Y,"$857,000 ",4.6,447.0,30.0,35.0,3.43,1.26,82.0,4Yr,"University of Southern California (Los Angeles, CA)"
*Tanner Scheppers(minors),2009,44,44,1s,Rangers,RHP,FrRnd,Y,"$1,250,000 ",0.9,180.0,12.0,7.0,4.23,1.4,3.0,0,0
*Mike Belfiore(minors),2009,45,45,1s,Diamondbacks,LHP,FrRnd,Y,"$725,000 ",-0.1,1.0,0.0,0.0,13.5,3.0,0.0,4Yr,"Boston College (Chestnut Hill, MA)"
*Matt Bashore(minors),2009,46,46,1s,Twins,LHP,FrRnd,Y,"$751,500 ",0.0,0.0,0.0,0.0,0.0,0.0,0.0,4Yr,"Indiana University Bloomington (Bloomington, IN)"
*Kyle Heckathorn(minors),2009,47,47,1s,Brewers,RHP,FrRnd,Y,"$776,000 ",0.0,0.0,0.0,0.0,0.0,0.0,0.0,4Yr,"Kennesaw State University (Kennesaw, GA)"
*Tyler Kehrer(minors),2009,48,48,1s,Angels,LHP,FrRnd,Y,"$728,100 ",0.0,0.0,0.0,0.0,0.0,0.0,0.0,4Yr,"Eastern Illinois University (Charleston, IL)"
*Vic Black(minors),2009,49,49,1s,Pirates,RHP,FrRnd,Y,"$717,000 ",0.5,59.0,5.0,3.0,2.96,1.32,1.0,4Yr,"Dallas Baptist University (Dallas, TX)"
Brian Matusz(minors),2008,4,4,1,Orioles,LHP,FrRnd,Y,"$3,200,000 ",2.1,280.0,27.0,41.0,4.92,1.46,0.0,4Yr,"University of San Diego (San Diego, CA)"
Aaron Crow(minors),2008,9,9,1,Nationals,RHP,FrRnd,N,0,2.7,254.0,20.0,11.0,3.43,1.32,6.0,4Yr,"University of Missouri (Columbia, MO)"
Ethan Martin(minors),2008,15,15,1,Dodgers,RHP,FrRnd,Y,"$1,730,000 ",-0.6,17.0,2.0,5.0,5.93,1.64,0.0,HS,"Stephens County School (Toccoa, GA)"
Andrew Cashner(minors),2008,19,19,1,Cubs,RHP,FrRnd,Y,"$1,540,000 ",10.9,300.0,57.0,87.0,4.1,1.36,1.0,4Yr,"Texas Christian University (Fort Worth, TX)"
Josh Fields(minors),2008,20,20,1,Mariners,RHP,FrRnd,Y,"$1,750,000 ",1.8,288.0,17.0,12.0,3.71,1.17,13.0,4Yr,"University of Georgia (Athens, GA)"
Ryan Perry(minors),2008,21,21,1,Tigers,RHP,FrRnd,Y,"$1,480,000 ",0.2,156.0,6.0,6.0,4.36,1.45,2.0,4Yr,"University of Arizona (Tucson, AZ)"
Christian Friedrich(minors),2008,25,25,1,Rockies,LHP,FrRnd,Y,"$1,350,000 ",-0.7,124.0,10.0,28.0,5.37,1.52,0.0,4Yr,"Eastern Kentucky University (Richmond, KY)"
Daniel Schlereth(minors),2008,26,26,1,Diamondbacks,LHP,FrRnd,Y,"$1,330,000 ",0.0,94.0,5.0,6.0,4.35,1.57,1.0,4Yr,"University of Arizona (Tucson, AZ)"
*Carlos Gutierrez(minors),2008,27,27,1,Twins via Angels,RHP,FrRnd,Y,"$1,290,000 ",0.0,0.0,0.0,0.0,0.0,0.0,0.0,4Yr,"University of Miami (Coral Gables, FL)"
Gerrit Cole(minors),2008,28,28,1,Yankees,RHP,FrRnd,N,0,33.3,250.0,124.0,65.0,3.19,1.11,0.0,HS,"Orange Lutheran HS (Orange, CA)"
*Shooter Hunt(minors),2008,31,31,1s,Twins,RHP,FrRnd,Y,"$1,080,000 ",0.0,0.0,0.0,0.0,0.0,0.0,0.0,4Yr,"Tulane University (New Orleans, LA)"
*Jake Odorizzi(minors),2008,32,32,1s,Brewers,RHP,FrRnd,Y,"$1,060,000 ",13.4,227.0,71.0,65.0,3.95,1.24,1.0,HS,"Highland HS (Highland, IL)"
Bradley Holt(minors),2008,33,33,1,Mets,RHP,FrRnd,Y,"$1,040,000 ",0.0,0.0,0.0,0.0,0.0,0.0,0.0,4Yr,"University of North Carolina at Wilmington (Wilmington, NC)"
*Evan Frederickson(minors),2008,35,35,1s,Brewers,LHP,FrRnd,Y,"$1,010,000 ",0.0,0.0,0.0,0.0,0.0,0.0,0.0,4Yr,"University of San Francisco (San Francisco, CA)"
Mike Montgomery(minors),2008,36,36,1,Royals,LHP,FrRnd,Y,"$988,000 ",5.9,183.0,23.0,34.0,3.84,1.35,3.0,HS,"William S. Hart HS (Santa Clarita, CA)"
*Jordan Lyles(minors),2008,38,38,1s,Astros,RHP,FrRnd,Y,"$930,000 ",-2.4,305.0,58.0,86.0,5.17,1.43,2.0,HS,"Hartsville HS (Hartsville, SC)"
*Lance Lynn(minors),2008,39,39,1s,Cardinals,RHP,FrRnd,Y,"$938,000 ",29.5,293.0,116.0,78.0,3.51,1.27,1.0,4Yr,"University of Mississippi (Oxford, MS)"
*Brett DeVall(minors),2008,40,40,1s,Braves,LHP,FrRnd,Y,"$1,000,000 ",0.0,0.0,0.0,0.0,0.0,0.0,0.0,HS,"Niceville HS (Niceville, FL)"
*Wade Miley(minors),2008,43,43,1s,Diamondbacks,LHP,FrRnd,Y,"$877,000 ",17.0,287.0,98.0,92.0,4.13,1.38,0.0,4Yr,"Southeastern Louisiana University (Hammond, LA)"
*Jeremy Bleich(minors),2008,44,44,1s,Yankees,LHP,FrRnd,Y,"$700,000 ",-0.1,2.0,0.0,0.0,54.0,6.0,0.0,4Yr,"Stanford University (Palo Alto, CA)"
*Bryan Price(minors),2008,45,45,1s,Red Sox,RHP,FrRnd,Y,"$849,000 ",-0.2,3.0,0.0,0.0,20.25,3.38,0.0,4Yr,"Rice University (Houston, TX)"
Mark Prior(minors),2001,2,2,1,Cubs,RHP,FrRnd,Y,"$4,000,000 ",16.6,106.0,42.0,29.0,3.51,1.23,0.0,4Yr,"University of Southern California (Los Angeles, CA)"
Dewon Brazelton(minors),2001,3,3,1,Devil Rays,RHP,FrRnd,Y,"$4,200,000 ",-3.1,63.0,8.0,25.0,6.38,1.68,0.0,4Yr,"Middle Tennessee State University (Murfreesboro, TN)"
Gavin Floyd(minors),2001,4,4,1,Phillies,RHP,FrRnd,Y,"$4,200,000 ",15.7,243.0,74.0,76.0,4.37,1.32,0.0,HS,"Mount St. Joseph's HS (Baltimore, MD)"
Josh Karp(minors),2001,6,6,1,Expos,RHP,FrRnd,Y,"$2,650,000 ",0.0,0.0,0.0,0.0,0.0,0.0,0.0,4Yr,"University of California, Los Angeles (Los Angeles, CA)"
Chris Smith(minors),2001,7,7,1,Orioles,LHP,FrRnd,Y,"$2,175,000 ",0.0,0.0,0.0,0.0,0.0,0.0,0.0,4Yr,"Cumberland University (Lebanon, TN)"
John Van Benschoten(minors),2001,8,8,1,Pirates,RHP,FrRnd,Y,"$2,400,000 ",-3.5,26.0,2.0,13.0,9.2,2.14,0.0,4Yr,"Kent State University (Kent, OH)"
Colt Griffin(minors),2001,9,9,1,Royals,RHP,FrRnd,Y,"$2,400,000 ",0.0,0.0,0.0,0.0,0.0,0.0,0.0,HS,"Marshall HS (Marshall, TX)"
Kenny Baugh(minors),2001,11,11,1,Tigers,RHP,FrRnd,Y,"$1,800,000 ",0.0,0.0,0.0,0.0,0.0,0.0,0.0,4Yr,"Rice University (Houston, TX)"
Mike Jones(minors),2001,12,12,1,Brewers,RHP,FrRnd,Y,"$2,075,000 ",0.0,0.0,0.0,0.0,0.0,0.0,0.0,HS,"Thunderbird HS (Phoenix, AZ)"
*Kris Honel(minors),2001,16,16,1,White Sox via Marlins,RHP,FrRnd,Y,"$1,500,000 ",0.0,0.0,0.0,0.0,0.0,0.0,0.0,HS,"Providence Catholic HS (New Lenox, IL)"
*Dan Denham(minors),2001,17,17,1,Indians via Red Sox,RHP,FrRnd,Y,"$1,860,000 ",0.0,0.0,0.0,0.0,0.0,0.0,0.0,HS,"Deer Valley HS (Antioch, CA)"
*Aaron Heilman(minors),2001,18,18,1,Mets via Rockies,RHP,FrRnd,Y,"$1,508,750 ",1.6,477.0,35.0,46.0,4.4,1.36,16.0,4Yr,"University of Notre Dame (South Bend, IN)"
Jeremy Sowers(minors),2001,20,20,1,Reds,LHP,FrRnd,N,0,1.6,72.0,18.0,30.0,5.18,1.44,0.0,HS,"Ballard HS (Louisville, KY)"
*Brad Hennessey(minors),2001,21,21,1,Giants via Indians,RHP,FrRnd,Y,"$1,380,000 ",2.6,148.0,17.0,23.0,4.69,1.49,20.0,4Yr,"Youngstown State University (Youngstown, OH)"
Jason Bulger(minors),2001,22,22,1,Diamondbacks,RHP,FrRnd,Y,"$937,000 ",0.7,125.0,7.0,2.0,4.33,1.41,1.0,4Yr,"Valdosta State University (Valdosta, GA)"
*Macay McBride(minors),2001,24,24,1,Braves via Dodgers,LHP,FrRnd,Y,"$1,340,000 ",-0.2,132.0,6.0,2.0,4.35,1.63,2.0,HS,"Screven County HS (Sylvania, GA)"
*Jeremy Bonderman(minors),2001,26,26,1,Athletics via Mets,RHP,FrRnd,Y,"$1,350,000 ",4.9,225.0,69.0,81.0,4.91,1.41,0.0,HS,"Pasco HS (Pasco, WA)"
*Alan Horne(minors),2001,27,27,1,Indians via White Sox,RHP,FrRnd,N,0,0.0,0.0,0.0,0.0,0.0,0.0,0.0,HS,"Marianna HS (Marianna, FL)"
Justin Pope(minors),2001,28,28,1,Cardinals,RHP,FrRnd,Y,"$900,000 ",0.0,0.0,0.0,0.0,0.0,0.0,0.0,4Yr,"University of Central Florida (Orlando, FL)"
Noah Lowry(minors),2001,30,30,1,Giants,LHP,FrRnd,Y,"$1,175,000 ",10.0,106.0,40.0,31.0,4.03,1.38,0.0,4Yr,"Pepperdine University (Malibu, CA)"
*J.D. Martin(minors),2001,35,35,1s,Indians,RHP,FrRnd,Y,"$975,000 ",0.7,24.0,6.0,9.0,4.32,1.41,0.0,HS,"Sherman E. Burroughs HS (Ridgecrest, CA)"
*John Rheinecker(minors),2001,37,37,1s,Athletics,LHP,FrRnd,Y,"$600,000 ",-0.3,44.0,8.0,9.0,5.65,1.75,0.0,4Yr,"Missouri State University (Springfield, MO)"
*Wyatt Allen(minors),2001,39,39,1s,White Sox,RHP,FrRnd,Y,"$872,500 ",0.0,0.0,0.0,0.0,0.0,0.0,0.0,4Yr,"University of Tennessee (Knoxville, TN)"
*Jon Skaggs(minors),2001,42,42,1s,Yankees,RHP,FrRnd,Y,"$600,000 ",0.0,0.0,0.0,0.0,0.0,0.0,0.0,4Yr,"Rice University (Houston, TX)"
Adam Johnson(minors),2000,2,2,1,Twins,RHP,FrRnd,Y,"$2,500,000 ",-1.1,9.0,1.0,3.0,10.25,2.05,0.0,4Yr,"California State University, Fullerton (Fullerton, CA)"
Mike Stodolka(minors),2000,4,4,1,Royals,LHP,FrRnd,Y,"$2,500,000 ",0.0,0.0,0.0,0.0,0.0,0.0,0.0,HS,"Centennial HS (Corona, CA)"
Justin Wayne(minors),2000,5,5,1,Expos,RHP,FrRnd,Y,"$2,950,000 ",-1.5,26.0,5.0,8.0,6.13,1.65,0.0,4Yr,"Stanford University (Palo Alto, CA)"
Matt Harrington(minors),2000,7,7,1,Rockies,RHP,FrRnd,N,0,0.0,0.0,0.0,0.0,0.0,0.0,0.0,HS,"Palmdale HS (Palmdale, CA)"
Matt Wheatland(minors),2000,8,8,1,Tigers,RHP,FrRnd,Y,"$2,150,000 ",0.0,0.0,0.0,0.0,0.0,0.0,0.0,HS,"Rancho Bernardo HS (San Diego, CA)"
Mark Phillips(minors),2000,9,9,1,Padres,LHP,FrRnd,Y,"$2,200,000 ",0.0,0.0,0.0,0.0,0.0,0.0,0.0,HS,"Hanover HS (Hanover, PA)"
Joe Torres(minors),2000,10,10,1,Angels,LHP,FrRnd,Y,"$2,080,000 ",0.0,0.0,0.0,0.0,0.0,0.0,0.0,HS,"Gateway HS (Kissimmee, FL)"
Beau Hale(minors),2000,14,14,1,Orioles,RHP,FrRnd,Y,"$2,250,000 ",0.0,0.0,0.0,0.0,0.0,0.0,0.0,4Yr,"University of Texas at Austin (Austin, TX)"
*Billy Traber(minors),2000,16,16,1,Mets via Mariners,LHP,FrRnd,Y,"$400,000 ",-0.7,96.0,12.0,14.0,5.65,1.59,0.0,4Yr,"Loyola Marymount University (Los Angeles, CA)"
Ben Diggins(minors),2000,17,17,1,Dodgers,RHP,FrRnd,Y,"$2,200,000 ",-0.7,5.0,0.0,4.0,8.63,1.92,0.0,4Yr,"University of Arizona (Tucson, AZ)"
Sean Burnett(minors),2000,19,19,1,Pirates,LHP,FrRnd,Y,"$1,650,000 ",5.9,380.0,15.0,23.0,3.52,1.34,10.0,HS,"Wellington Community HS (Wellington, FL)"
*Chris Bootcheck(minors),2000,20,20,1,Angels via Athletics,RHP,FrRnd,Y,"$1,800,000 ",-1.6,91.0,3.0,7.0,6.55,1.66,1.0,4Yr,"Auburn University (Auburn, AL)"
Boof Bonser(minors),2000,21,21,1,Giants,RHP,FrRnd,Y,"$1,245,000 ",-0.5,111.0,19.0,25.0,5.18,1.46,0.0,HS,"Gibbs HS (St. Petersburg, FL)"
Phil Dumatrait(minors),2000,22,22,1,Red Sox,LHP,FrRnd,Y,"$1,275,000 ",-1.8,87.0,4.0,13.0,6.2,1.78,1.0,JC,"Bakersfield College (Bakersfield, CA)"
*Blake Williams(minors),2000,24,24,1,Cardinals via Rangers,RHP,FrRnd,Y,"$1,375,000 ",0.0,0.0,0.0,0.0,0.0,0.0,0.0,4Yr,"Texas State University (San Marcos, TX)"
Rob Stiehl(minors),2000,27,27,1,Astros,RHP,FrRnd,Y,"$1,250,000 ",0.0,0.0,0.0,0.0,0.0,0.0,0.0,JC,"El Camino College (Torrance, CA)"
*Adam Wainwright(minors),2000,29,29,1,Braves via Diamondbacks,RHP,FrRnd,Y,"$1,250,000 ",46.6,440.0,190.0,110.0,3.34,1.21,3.0,HS,"Glynn Academy HS (Brunswick, GA)"
*Aaron Heilman(minors),2000,31,31,1s,Twins,RHP,FrRnd,N,0,1.6,477.0,35.0,46.0,4.4,1.36,16.0,4Yr,"University of Notre Dame (South Bend, IN)"
*Tripper Johnson(minors),2000,32,32,1s,Orioles,RHP,FrRnd,Y,"$1,050,000 ",0.0,0.0,0.0,0.0,0.0,0.0,0.0,HS,"Newport HS (Bellevue, WA)"
*Dustin McGowan(minors),2000,33,33,1s,Blue Jays,RHP,FrRnd,Y,"$950,000 ",1.6,290.0,35.0,34.0,4.5,1.38,2.0,HS,"Long County HS (Ludowici, GA)"
*Dustin Moseley(minors),2000,34,34,1s,Reds,RHP,FrRnd,Y,"$900,000 ",0.7,101.0,15.0,21.0,4.67,1.43,0.0,HS,"Arkansas HS (Texarkana, AR)"
*Bobby Keppel(minors),2000,36,36,1s,Mets,RHP,FrRnd,Y,"$895,000 ",0.2,49.0,1.0,5.0,5.36,1.66,0.0,HS,"De Smet Jesuit HS (Creve Coeur, MO)"
*Derek Thompson(minors),2000,37,37,1s,Indians,LHP,FrRnd,Y,"$850,000 ",0.2,4.0,0.0,0.0,3.5,1.44,0.0,HS,"Land O'Lakes HS (Land O'Lakes, FL)"
*Chad Hawkins(minors),2000,39,39,1s,Rangers,RHP,FrRnd,Y,"$625,000 ",0.0,0.0,0.0,0.0,0.0,0.0,0.0,4Yr,"Baylor University (Waco, TX)"
Bryan Bullington(minors),2002,1,1,1,Pirates,RHP,FrRnd,Y,"$4,000,000 ",-0.2,26.0,1.0,9.0,5.62,1.58,0.0,4Yr,"Ball State University (Muncie, IN)"
Chris Gruler(minors),2002,3,3,1,Reds,RHP,FrRnd,Y,"$2,500,000 ",0.0,0.0,0.0,0.0,0.0,0.0,0.0,HS,"Liberty HS (Brentwood, CA)"
Adam Loewen(minors),2002,4,4,1,Orioles,LHP,FrRnd,Y,"$3,200,000 ",-0.3,63.0,10.0,8.0,5.85,1.68,0.0,HS,"Fraser Valley Christian HS (Surrey, BC)"
Clint Everts(minors),2002,5,5,1,Expos,RHP,FrRnd,Y,"$2,500,000 ",0.0,0.0,0.0,0.0,0.0,0.0,0.0,HS,"Cypress Falls HS (Houston, TX)"
Zack Greinke(minors),2002,6,6,1,Royals,RHP,FrRnd,Y,"$2,475,000 ",74.9,542.0,221.0,136.0,3.43,1.16,1.0,HS,"Apopka HS (Apopka, FL)"
Jeff Francis(minors),2002,9,9,1,Rockies,LHP,FrRnd,Y,"$1,850,000 ",9.6,254.0,72.0,82.0,4.97,1.44,1.0,4Yr,"University of British Columbia (Vancouver, BC)"
Joe Saunders(minors),2002,12,12,1,Angels,LHP,FrRnd,Y,"$1,825,000 ",8.4,235.0,89.0,86.0,4.37,1.42,0.0,4Yr,"Virginia Polytechnic Institute and State University (Blacksburg, VA)"
Scott Kazmir(minors),2002,15,15,1,Mets,LHP,FrRnd,Y,"$2,150,000 ",22.4,303.0,108.0,97.0,4.02,1.35,0.0,HS,"Cypress Falls HS (Houston, TX)"
Cole Hamels(minors),2002,17,17,1,Phillies,LHP,FrRnd,Y,"$2,000,000 ",59.0,423.0,163.0,122.0,3.43,1.18,0.0,HS,"Rancho Bernardo HS (San Diego, CA)"
Royce Ring(minors),2002,18,18,1,White Sox,LHP,FrRnd,Y,"$1,600,000 ",-0.9,99.0,3.0,3.0,5.29,1.57,0.0,4Yr,"San Diego State University (San Diego, CA)"
Bobby Brownlie(minors),2002,21,21,1,Cubs,RHP,FrRnd,Y,"$2,500,000 ",0.0,0.0,0.0,0.0,0.0,0.0,0.0,4Yr,"Rutgers, the State University of New Jersey (New Brunswick, NJ)"
Jeremy Guthrie(minors),2002,22,22,1,Indians,RHP,FrRnd,Y,"$3,000,000 ",18.4,306.0,91.0,109.0,4.42,1.34,0.0,4Yr,"Stanford University (Palo Alto, CA)"
*Joe Blanton(minors),2002,24,24,1,Athletics via Yankees,RHP,FrRnd,Y,"$1,400,000 ",11.8,427.0,101.0,97.0,4.38,1.34,2.0,4Yr,"University of Kentucky (Lexington, KY)"
Matt Cain(minors),2002,25,25,1,Giants,RHP,FrRnd,Y,"$1,375,000 ",29.1,342.0,104.0,118.0,3.68,1.23,0.0,HS,"Houston HS (Germantown, TN)"
Derick Grigsby(minors),2002,29,29,1,Astros,RHP,FrRnd,Y,"$1,125,000 ",0.0,0.0,0.0,0.0,0.0,0.0,0.0,JC,"Northeast Texas Community College (Mount Pleasant, TX)"
*Ben Fritz(minors),2002,30,30,1,Athletics via Cardinals,RHP,FrRnd,Y,"$1,200,000 ",0.0,0.0,0.0,0.0,0.0,0.0,0.0,4Yr,"California State University, Fresno (Fresno, CA)"
*Greg Miller(minors),2002,31,31,1s,Dodgers,LHP,FrRnd,Y,"$1,200,000 ",0.0,0.0,0.0,0.0,0.0,0.0,0.0,HS,"Esperanza HS (Anaheim, CA)"
*Luke Hagerty(minors),2002,32,32,1s,Cubs,LHP,FrRnd,Y,"$1,150,000 ",0.0,0.0,0.0,0.0,0.0,0.0,0.0,4Yr,"Ball State University (Muncie, IN)"
*Dan Meyer(minors),2002,34,34,1s,Braves,LHP,FrRnd,Y,"$1,000,000 ",-0.9,103.0,3.0,9.0,5.46,1.55,2.0,4Yr,"James Madison University (Harrisonburg, VA)"
*Chadd Blasko(minors),2002,36,36,1s,Cubs,RHP,FrRnd,Y,"$1,050,000 ",0.0,0.0,0.0,0.0,0.0,0.0,0.0,4Yr,"Purdue University (West Lafayette, IN)"
*Steve Obenchain(minors),2002,37,37,1s,Athletics,RHP,FrRnd,Y,"$750,000 ",0.0,0.0,0.0,0.0,0.0,0.0,0.0,4Yr,"University of Evansville (Evansville, IN)"
*Matt Clanton(minors),2002,38,38,1s,Cubs,RHP,FrRnd,Y,"$875,000 ",0.0,0.0,0.0,0.0,0.0,0.0,0.0,JC,"Orange Coast College (Costa Mesa, CA)"
Kyle Sleeth(minors),2003,3,3,1,Tigers,RHP,FrRnd,Y,"$3,350,000 ",0.0,0.0,0.0,0.0,0.0,0.0,0.0,4Yr,"Wake Forest University (Winston-Salem, NC)"
Tim Stauffer(minors),2003,4,4,1,Padres,RHP,FrRnd,Y,"$750,000 ",3.8,201.0,33.0,34.0,3.97,1.33,0.0,4Yr,"University of Richmond (Richmond, VA)"
Paul Maholm(minors),2003,8,8,1,Pirates,LHP,FrRnd,Y,"$2,200,000 ",11.9,273.0,77.0,100.0,4.3,1.4,0.0,4Yr,"Mississippi State University (Mississippi State, MS)"
John Danks(minors),2003,9,9,1,Rangers,LHP,FrRnd,Y,"$2,100,000 ",20.2,247.0,79.0,104.0,4.38,1.35,0.0,HS,"Round Rock HS (Round Rock, TX)"
Ryan Wagner(minors),2003,14,14,1,Reds,RHP,FrRnd,Y,"$1,400,000 ",-0.3,148.0,11.0,9.0,4.79,1.59,0.0,4Yr,"University of Houston (Houston, TX)"
Jeff Allison(minors),2003,16,16,1,Marlins,RHP,FrRnd,Y,"$1,850,000 ",0.0,0.0,0.0,0.0,0.0,0.0,0.0,HS,"Veterans Memorial HS (Peabody, MA)"
Chad Cordero(minors),2003,20,20,1,Expos,RHP,FrRnd,Y,"$1,350,000 ",7.3,314.0,20.0,15.0,2.89,1.21,128.0,4Yr,"California State University, Fullerton (Fullerton, CA)"
*David Aardsma(minors),2003,22,22,1,Giants via Astros,RHP,FrRnd,Y,"$1,425,000 ",1.8,331.0,16.0,18.0,4.27,1.42,69.0,4Yr,"Rice University (Houston, TX)"
Chad Billingsley(minors),2003,24,24,1,Dodgers,RHP,FrRnd,Y,"$1,375,000 ",17.2,226.0,83.0,64.0,3.72,1.37,0.0,HS,"Defiance HS (Defiance, OH)"
Brad Sullivan(minors),2003,25,25,1,Athletics,RHP,FrRnd,Y,"$1,360,000 ",0.0,0.0,0.0,0.0,0.0,0.0,0.0,4Yr,"University of Houston (Houston, TX)"
*Adam Miller(minors),2003,31,31,1s,Indians,RHP,FrRnd,Y,"$1,025,000 ",0.0,0.0,0.0,0.0,0.0,0.0,0.0,HS,"McKinney HS (McKinney, TX)"
*Craig Whitaker(minors),2003,34,34,1s,Giants,RHP,FrRnd,Y,"$975,000 ",0.0,0.0,0.0,0.0,0.0,0.0,0.0,HS,"Lufkin HS (Lufkin, TX)"
*Luis Atilano(minors),2003,35,35,1s,Braves,RHP,FrRnd,Y,"$950,000 ",-0.9,16.0,6.0,7.0,5.15,1.49,0.0,HS,"Gabriela Mistral HS (San Juan, Puerto Rico)"
David Price(minors),2007,1,1,1,Devil Rays,LHP,FrRnd,Y,"$5,600,000 ",39.6,379.0,155.0,82.0,3.33,1.16,1.0,4Yr,"Vanderbilt University (Nashville, TN)"
Daniel Moskos(minors),2007,4,4,1,Pirates,LHP,FrRnd,Y,"$2,475,000 ",0.2,31.0,1.0,1.0,2.96,1.56,0.0,4Yr,"Clemson University (Clemson, SC)"
Ross Detwiler(minors),2007,6,6,1,Nationals,LHP,FrRnd,Y,"$2,150,000 ",0.4,293.0,30.0,51.0,4.56,1.46,1.0,4Yr,"Missouri State University (Springfield, MO)"
Casey Weathers(minors),2007,8,8,1,Rockies,RHP,FrRnd,Y,"$1,800,000 ",0.0,0.0,0.0,0.0,0.0,0.0,0.0,4Yr,"Vanderbilt University (Nashville, TN)"
Jarrod Parker(minors),2007,9,9,1,Diamondbacks,RHP,FrRnd,Y,"$2,100,000 ",6.5,62.0,25.0,16.0,3.68,1.24,0.0,HS,"Norwell HS (Ossian, IN)"
Madison Bumgarner(minors),2007,10,10,1,Giants,LHP,FrRnd,Y,"$2,000,000 ",39.7,341.0,131.0,114.0,3.33,1.13,0.0,HS,"South Caldwell HS (Hudson, NC)"
Phillippe Aumont(minors),2007,11,11,1,Mariners,RHP,FrRnd,Y,"$1,900,000 ",-0.7,46.0,1.0,6.0,6.8,1.99,2.0,HS,"Ecole Du Versant (Gatineau, QC)"
*Blake Beavan(minors),2007,17,17,1,Rangers via Astros,RHP,FrRnd,Y,"$1,497,000 ",1.7,54.0,16.0,20.0,4.61,1.27,0.0,HS,"Irving HS (Irving, TX)"
Joe Savery(minors),2007,19,19,1,Phillies,LHP,FrRnd,Y,"$1,372,500 ",-0.1,44.0,3.0,2.0,3.83,1.26,0.0,4Yr,"Rice University (Houston, TX)"
*Chris Withrow(minors),2007,20,20,1,Dodgers via Red Sox,RHP,FrRnd,Y,"$1,350,000 ",1.4,92.0,6.0,0.0,3.07,1.14,1.0,HS,"Midland HS (Midland, TX)"
*Tim Alderson(minors),2007,22,22,1,Giants via Dodgers,RHP,FrRnd,Y,"$1,290,000 ",0.0,0.0,0.0,0.0,0.0,0.0,0.0,HS,"Horizon HS (Scottsdale, AZ)"
Nick Schmidt(minors),2007,23,23,1,Padres,LHP,FrRnd,Y,"$1,260,000 ",0.0,0.0,0.0,0.0,0.0,0.0,0.0,4Yr,"University of Arkansas (Fayetteville, AR)"
*Michael Main(minors),2007,24,24,1,Rangers via Angels,RHP,FrRnd,Y,"$1,237,500 ",0.0,0.0,0.0,0.0,0.0,0.0,0.0,HS,"DeLand HS (DeLand, FL)"
Aaron Poreda(minors),2007,25,25,1,White Sox,LHP,FrRnd,Y,"$1,200,000 ",0.2,40.0,3.0,1.0,4.67,1.73,0.0,4Yr,"University of San Francisco (San Francisco, CA)"
James Simmons(minors),2007,26,26,1,Athletics,RHP,FrRnd,Y,"$1,192,500 ",0.0,0.0,0.0,0.0,0.0,0.0,0.0,4Yr,"University of California, Riverside (Riverside, CA)"
Rick Porcello(minors),2007,27,27,1,Tigers,RHP,FrRnd,Y,"$3,580,000 ",18.8,355.0,150.0,125.0,4.4,1.32,0.0,HS,"Seton Hall Preparatory School (West Orange, NJ)"
Andrew Brackman(minors),2007,30,30,1,Yankees,RHP,FrRnd,Y,"$3,350,000 ",0.1,3.0,0.0,0.0,0.0,1.71,0.0,4Yr,"North Carolina State University (Raleigh, NC)"
*Josh Smoker(minors),2007,31,31,1s,Nationals,LHP,FrRnd,Y,"$1,000,000 ",-0.7,82.0,4.0,2.0,5.35,1.7,0.0,HS,"Calhoun HS (Calhoun, GA)"
*Clayton Mortensen(minors),2007,36,36,1s,Cardinals,RHP,FrRnd,Y,"$650,000 ",-0.5,74.0,6.0,11.0,4.68,1.44,0.0,4Yr,"Gonzaga University (Spokane, WA)"
*Brett Cecil(minors),2007,38,38,1s,Blue Jays,LHP,FrRnd,Y,"$810,000 ",6.7,443.0,44.0,47.0,4.29,1.36,12.0,4Yr,"University of Maryland (College Park, MD)"
*James Adkins(minors),2007,39,39,1s,Dodgers,LHP,FrRnd,Y,"$787,500 ",0.0,0.0,0.0,0.0,0.0,0.0,0.0,4Yr,"University of Tennessee (Knoxville, TN)"
*Eddie Kunz(minors),2007,42,42,1s,Mets,RHP,FrRnd,Y,"$720,000 ",-0.2,4.0,0.0,0.0,13.5,2.25,0.0,4Yr,"Oregon State University (Corvallis, OR)"
*Neil Ramirez(minors),2007,44,44,1s,Rangers,RHP,FrRnd,Y,"$1,000,000 ",0.3,185.0,4.0,8.0,4.46,1.42,3.0,HS,"Kempsville HS (Virginia Beach, VA)"
*Nathan Vineyard(minors),2007,47,47,1s,Mets,LHP,FrRnd,Y,"$657,000 ",0.0,0.0,0.0,0.0,0.0,0.0,0.0,HS,"Woodland HS (Cartersville, GA)"
*Wes Roemer(minors),2007,50,50,1s,Diamondbacks,RHP,FrRnd,Y,"$620,000 ",0.0,0.0,0.0,0.0,0.0,0.0,0.0,4Yr,"California State University, Fullerton (Fullerton, CA)"
*Kyle Lotzkar(minors),2007,53,53,1s,Reds,RHP,FrRnd,Y,"$594,000 ",0.0,0.0,0.0,0.0,0.0,0.0,0.0,0,0
*Tommy Hunter(minors),2007,54,54,1s,Rangers,RHP,FrRnd,Y,"$585,000 ",11.2,480.0,56.0,45.0,4.02,1.24,22.0,4Yr,"University of Alabama (Tuscaloosa, AL)"
*Nick Hagadone(minors),2007,55,55,1s,Red Sox,LHP,FrRnd,Y,"$571,500 ",-0.2,143.0,3.0,2.0,4.72,1.37,1.0,4Yr,"University of Washington (Seattle, WA)"
*Trystan Magnuson(minors),2007,56,56,1s,Blue Jays,RHP,FrRnd,Y,"$462,500 ",-0.2,9.0,0.0,0.0,6.14,1.36,0.0,4Yr,"University of Louisville (Louisville, KY)"
*Jon Bachanov(minors),2007,58,58,1s,Angels,RHP,FrRnd,Y,"$553,300 ",0.0,0.0,0.0,0.0,0.0,0.0,0.0,HS,"University HS (Orlando, FL)"
*Brandon Hamilton(minors),2007,60,60,1s,Tigers,RHP,FrRnd,Y,"$540,000 ",0.0,0.0,0.0,0.0,0.0,0.0,0.0,HS,"Stanhope Elmore HS (Millbrook, AL)"
*Cory Luebke(minors),2007,63,63,1s,Padres,LHP,FrRnd,Y,"$515,000 ",2.4,64.0,10.0,13.0,3.52,1.19,0.0,4Yr,"The Ohio State University (Columbus, OH)"
Luke Hochevar(minors),2006,1,1,1,Royals,RHP,FrRnd,Y,"$3,500,000 ",3.7,279.0,46.0,65.0,4.98,1.34,3.0,0,0
Greg Reynolds(minors),2006,2,2,1,Rockies,RHP,FrRnd,Y,"$3,250,000 ",-1.5,33.0,6.0,11.0,7.01,1.65,0.0,4Yr,"Stanford University (Palo Alto, CA)"
Brad Lincoln(minors),2006,4,4,1,Pirates,RHP,FrRnd,Y,"$2,750,000 ",0.4,99.0,9.0,11.0,4.74,1.39,1.0,4Yr,"University of Houston (Houston, TX)"
Brandon Morrow(minors),2006,5,5,1,Mariners,RHP,FrRnd,Y,"$2,450,000 ",11.1,334.0,51.0,43.0,3.96,1.31,40.0,4Yr,"University of California, Berkeley (Berkeley, CA)"
Andrew Miller(minors),2006,6,6,1,Tigers,LHP,FrRnd,Y,"$3,550,000 ",7.7,612.0,55.0,55.0,4.03,1.34,63.0,4Yr,"University of North Carolina at Chapel Hill (Chapel Hill, NC)"
Clayton Kershaw(minors),2006,7,7,1,Dodgers,LHP,FrRnd,Y,"$2,300,000 ",73.9,389.0,190.0,86.0,2.49,1.01,0.0,HS,"Highland Park HS (University Park, TX)"
Tim Lincecum(minors),2006,10,10,1,Giants,RHP,FrRnd,Y,"$2,025,000 ",19.5,278.0,110.0,89.0,3.74,1.29,1.0,4Yr,"University of Washington (Seattle, WA)"
Max Scherzer(minors),2006,11,11,1,Diamondbacks,RHP,FrRnd,Y,"$3,000,000 ",68.1,415.0,195.0,98.0,3.15,1.08,0.0,4Yr,"University of Missouri (Columbia, MO)"
Kasey Kiker(minors),2006,12,12,1,Rangers,LHP,FrRnd,Y,"$1,600,000 ",0.0,0.0,0.0,0.0,0.0,0.0,0.0,HS,"Russell County HS (Seale, AL)"
Jeremy Jeffress(minors),2006,16,16,1,Brewers,RHP,FrRnd,Y,"$1,550,000 ",8.8,414.0,32.0,12.0,3.08,1.32,52.0,HS,"Halifax County HS (South Boston, VA)"
*Kyle Drabek(minors),2006,18,18,1,Phillies via Mets,RHP,FrRnd,Y,"$1,550,000 ",-0.1,43.0,8.0,15.0,5.26,1.7,0.0,HS,"The Woodlands HS (The Woodlands, TX)"
Brett Sinkbeil(minors),2006,19,19,1,Marlins,RHP,FrRnd,Y,"$1,525,000 ",-0.2,3.0,0.0,0.0,13.5,3.5,0.0,4Yr,"Missouri State University (Springfield, MO)"
*Ian Kennedy(minors),2006,21,21,1,Yankees via Phillies,RHP,FrRnd,Y,"$2,250,000 ",18.5,456.0,103.0,110.0,4.1,1.28,60.0,4Yr,"University of Southern California (Los Angeles, CA)"
*Colton Willems(minors),2006,22,22,1,Nationals via Athletics,RHP,FrRnd,Y,"$1,425,000 ",0.0,0.0,0.0,0.0,0.0,0.0,0.0,HS,"John Carroll Catholic HS (Fort Pierce, FL)"
*Bryan Morris(minors),2006,26,26,1,Dodgers via Angels,RHP,FrRnd,Y,"$1,325,000 ",2.7,231.0,20.0,12.0,3.13,1.37,1.0,JC,"Motlow State Community College (Lynchburg, TN)"
*Daniel Bard(minors),2006,28,28,1,Red Sox via Yankees,RHP,FrRnd,Y,"$1,550,000 ",6.3,330.0,24.0,31.0,3.81,1.27,47.0,4Yr,"University of North Carolina at Chapel Hill (Chapel Hill, NC)"
Kyle McCulloch(minors),2006,29,29,1,White Sox,RHP,FrRnd,Y,"$1,050,000 ",0.0,0.0,0.0,0.0,0.0,0.0,0.0,4Yr,"University of Texas at Austin (Austin, TX)"
Adam Ottavino(minors),2006,30,30,1,Cardinals,RHP,FrRnd,Y,"$950,000 ",12.4,565.0,34.0,33.0,3.55,1.31,30.0,4Yr,"Northeastern University (Boston, MA)"
*Pedro Beato(minors),2006,32,32,1s,Orioles,RHP,FrRnd,Y,"$1,000,000 ",-1.0,85.0,4.0,2.0,4.31,1.3,0.0,JC,"St. Petersburg College (St. Petersburg, FL)"
*Brooks Brown(minors),2006,34,34,1s,Diamondbacks,RHP,FrRnd,Y,"$900,000 ",0.9,64.0,1.0,4.0,3.97,1.24,0.0,4Yr,"University of Georgia (Athens, GA)"
*Cory Rasmus(minors),2006,38,38,1s,Braves,RHP,FrRnd,Y,"$900,000 ",0.5,84.0,4.0,5.0,4.17,1.33,0.0,HS,"Russell County HS (Seale, AL)"
*David Huff(minors),2006,39,39,1s,Indians,LHP,FrRnd,Y,"$900,000 ",-1.8,120.0,25.0,30.0,5.17,1.51,0.0,4Yr,"University of California, Los Angeles (Los Angeles, CA)"
*Kris Johnson(minors),2006,40,40,1s,Red Sox,LHP,FrRnd,Y,"$850,000 ",0.0,7.0,0.0,3.0,5.32,1.77,0.0,4Yr,"Wichita State University (Wichita, KS)"
*Joba Chamberlain(minors),2006,41,41,1s,Yankees,RHP,FrRnd,Y,"$1,150,000 ",7.6,385.0,25.0,21.0,3.81,1.38,7.0,4Yr,"University of Nebraska-Lincoln (Lincoln, NE)"
*Chris Perez(minors),2006,42,42,1s,Cardinals,RHP,FrRnd,Y,"$800,000 ",4.7,393.0,16.0,24.0,3.51,1.24,133.0,4Yr,"University of Miami (Coral Gables, FL)"
*Steve Evarts(minors),2006,43,43,1s,Braves,LHP,FrRnd,Y,"$800,000 ",0.0,0.0,0.0,0.0,0.0,0.0,0.0,HS,"T. R. Robinson HS (Tampa, FL)"
*Caleb Clay(minors),2006,44,44,1s,Red Sox,RHP,FrRnd,Y,"$775,000 ",0.0,0.0,0.0,0.0,0.0,0.0,0.0,HS,"Cullman HS (Cullman, AL)"
Justin Verlander(minors),2004,2,2,1,Tigers,RHP,FrRnd,Y,"$3,120,000 ",74.1,469.0,236.0,132.0,3.29,1.12,0.0,4Yr,"Old Dominion University (Norfolk, VA)"
Philip Humber(minors),2004,3,3,1,Mets,RHP,FrRnd,Y,"$3,000,000 ",0.9,97.0,16.0,23.0,5.31,1.42,0.0,4Yr,"Rice University (Houston, TX)"
Jeff Niemann(minors),2004,4,4,1,Devil Rays,RHP,FrRnd,Y,"$3,200,000 ",4.3,97.0,40.0,26.0,4.08,1.29,0.0,4Yr,"Rice University (Houston, TX)"
Mark Rogers(minors),2004,5,5,1,Brewers,RHP,FrRnd,Y,"$2,200,000 ",1.1,11.0,3.0,1.0,3.49,1.12,0.0,HS,"Mount Ararat School (Topsham, ME)"
Jeremy Sowers(minors),2004,6,6,1,Indians,LHP,FrRnd,Y,"$2,475,000 ",1.6,72.0,18.0,30.0,5.18,1.44,0.0,4Yr,"Vanderbilt University (Nashville, TN)"
Homer Bailey(minors),2004,7,7,1,Reds,RHP,FrRnd,Y,"$2,300,000 ",6.2,245.0,81.0,86.0,4.56,1.37,0.0,HS,"La Grange HS (La Grange, TX)"
Wade Townsend(minors),2004,8,8,1,Orioles,RHP,FrRnd,N,0,0.0,0.0,0.0,0.0,0.0,0.0,0.0,4Yr,"Rice University (Houston, TX)"
Thomas Diamond(minors),2004,10,10,1,Rangers,RHP,FrRnd,Y,"$2,025,000 ",-0.5,16.0,1.0,3.0,6.83,1.76,0.0,4Yr,"University of New Orleans (New Orleans, LA)"
Jered Weaver(minors),2004,12,12,1,Angels,RHP,FrRnd,Y,"$4,000,000 ",34.6,331.0,150.0,98.0,3.63,1.19,0.0,4Yr,"California State University, Long Beach (Long Beach, CA)"
Bill Bray(minors),2004,13,13,1,Expos,LHP,FrRnd,Y,"$1,750,000 ",2.3,258.0,13.0,12.0,3.74,1.38,3.0,4Yr,"College of William and Mary (Williamsburg, VA)"
David Purcey(minors),2004,16,16,1,Blue Jays,LHP,FrRnd,Y,"$1,600,000 ",0.1,111.0,7.0,13.0,4.98,1.54,1.0,4Yr,"University of Oklahoma (Norman, OK)"
Scott Elbert(minors),2004,17,17,1,Dodgers,LHP,FrRnd,Y,"$1,575,000 ",1.5,127.0,4.0,3.0,3.54,1.33,2.0,HS,"Seneca HS (Seneca, MO)"
Chris Lambert(minors),2004,19,19,1,Cardinals,RHP,FrRnd,Y,"$1,525,000 ",-0.8,14.0,1.0,3.0,7.36,1.97,0.0,4Yr,"Boston College (Chestnut Hill, MA)"
*Glen Perkins(minors),2004,22,22,1,Twins via Mariners,LHP,FrRnd,Y,"$1,425,000 ",8.9,409.0,35.0,25.0,3.88,1.29,120.0,4Yr,"University of Minnesota (Minneapolis, MN)"
*Phil Hughes(minors),2004,23,23,1,Yankees via Astros,RHP,FrRnd,Y,"$1,400,000 ",11.0,290.0,88.0,79.0,4.52,1.31,3.0,HS,"Foothill HS (Santa Ana, CA)"
*Kyle Waldrop(minors),2004,25,25,1,Twins via Cubs,RHP,FrRnd,Y,"$1,000,000 ",0.5,24.0,1.0,1.0,3.62,1.52,0.0,HS,"Farragut HS (Knoxville, TN)"
Taylor Tankersley(minors),2004,27,27,1,Marlins,LHP,FrRnd,Y,"$1,300,000 ",0.6,168.0,8.0,3.0,4.58,1.52,4.0,4Yr,"University of Alabama (Tuscaloosa, AL)"
*Eric Hurley(minors),2004,30,30,1,Rangers via Braves,RHP,FrRnd,Y,"$1,050,000 ",0.1,5.0,1.0,2.0,5.47,1.42,0.0,HS,"Wolfson HS (Jacksonville, FL)"
*J.P. Howell(minors),2004,31,31,1s,Royals,LHP,FrRnd,Y,"$1,000,000 ",7.8,547.0,36.0,30.0,3.83,1.34,22.0,4Yr,"University of Texas at Austin (Austin, TX)"
*Zach Jackson(minors),2004,32,32,1s,Blue Jays,LHP,FrRnd,Y,"$1,017,500 ",-0.8,22.0,4.0,5.0,5.81,1.57,0.0,4Yr,"Texas A&M University (College Station, TX)"
*Justin Orenduff(minors),2004,33,33,1s,Dodgers,RHP,FrRnd,Y,"$1,000,000 ",0.0,0.0,0.0,0.0,0.0,0.0,0.0,4Yr,"Virginia Commonwealth University (Richmond, VA)"
*Tyler Lumsden(minors),2004,34,34,1s,White Sox,LHP,FrRnd,Y,"$975,000 ",0.0,0.0,0.0,0.0,0.0,0.0,0.0,4Yr,"Clemson University (Clemson, SC)"
*Matt Fox(minors),2004,35,35,1s,Twins,RHP,FrRnd,Y,"$950,000 ",0.0,4.0,0.0,0.0,4.91,1.36,0.0,4Yr,"University of Central Florida (Orlando, FL)"
*Jay Rainville(minors),2004,39,39,1s,Twins,RHP,FrRnd,Y,"$875,000 ",0.0,0.0,0.0,0.0,0.0,0.0,0.0,HS,"Bishop Hendricken HS (Warwick, RI)"
*Huston Street(minors),2004,40,40,1s,Athletics,RHP,FrRnd,Y,"$800,000 ",14.5,668.0,42.0,34.0,2.95,1.07,324.0,4Yr,"University of Texas at Austin (Austin, TX)"
*Jeff Marquez(minors),2004,41,41,1s,Yankees,RHP,FrRnd,Y,"$790,000 ",0.0,4.0,0.0,0.0,5.4,1.4,0.0,JC,"Sacramento City College (Sacramento, CA)"
Ricky Romero(minors),2005,6,6,1,Blue Jays,LHP,FrRnd,Y,"$2,400,000 ",9.9,129.0,51.0,45.0,4.16,1.4,0.0,4Yr,"California State University, Fullerton (Fullerton, CA)"
Wade Townsend(minors),2005,8,8,1,Devil Rays,RHP,FrRnd,Y,"$1,500,000 ",0.0,0.0,0.0,0.0,0.0,0.0,0.0,4Yr,"Rice University (Houston, TX)"
Mike Pelfrey(minors),2005,9,9,1,Mets,RHP,FrRnd,Y,"$3,550,000 ",5.8,275.0,68.0,103.0,4.68,1.51,1.0,4Yr,"Wichita State University (Wichita, KS)"
Lance Broadway(minors),2005,15,15,1,White Sox,RHP,FrRnd,Y,"$1,570,000 ",0.3,27.0,2.0,2.0,5.24,1.6,0.0,4Yr,"Texas Christian University (Fort Worth, TX)"
Chris Volstad(minors),2005,16,16,1,Marlins,RHP,FrRnd,Y,"$1,600,000 ",2.0,170.0,37.0,58.0,5.0,1.45,0.0,HS,"Palm Beach Gardens HS (Palm Beach Gardens, FL)"
Cesar Carrillo(minors),2005,18,18,1,Padres,RHP,FrRnd,Y,"$1,550,000 ",-0.7,3.0,1.0,2.0,13.06,2.71,0.0,4Yr,"University of Miami (Coral Gables, FL)"
Mark Pawelek(minors),2005,20,20,1,Cubs,LHP,FrRnd,Y,"$1,750,000 ",0.0,0.0,0.0,0.0,0.0,0.0,0.0,HS,"Springville HS (Springville, UT)"
*Aaron Thompson(minors),2005,22,22,1,Marlins via Giants,LHP,FrRnd,Y,"$1,225,000 ",-0.1,52.0,1.0,3.0,4.94,1.52,0.0,HS,"Second Baptist School (Houston, TX)"
Brian Bogusevic(minors),2005,24,24,1,Astros,LHP,FrRnd,Y,"$1,375,000 ",2.1,1.0,0.0,0.0,18.0,3.0,0.0,4Yr,"Tulane University (New Orleans, LA)"
Matt Garza(minors),2005,25,25,1,Twins,RHP,FrRnd,Y,"$1,350,000 ",12.5,290.0,93.0,106.0,4.09,1.32,1.0,4Yr,"California State University, Fresno (Fresno, CA)"
*Craig Hansen(minors),2005,26,26,1,Red Sox via Dodgers,RHP,FrRnd,Y,"$1,325,000 ",-1.9,95.0,4.0,9.0,6.34,1.72,3.0,4Yr,"St. John's University (Queens, NY)"
Joey Devine(minors),2005,27,27,1,Braves,RHP,FrRnd,Y,"$1,300,000 ",2.0,93.0,8.0,3.0,2.75,1.25,1.0,4Yr,"North Carolina State University (Raleigh, NC)"
*Jacob Marceaux(minors),2005,29,29,1,Marlins via Yankees,RHP,FrRnd,Y,"$1,000,000 ",0.0,0.0,0.0,0.0,0.0,0.0,0.0,4Yr,"McNeese State University (Lake Charles, LA)"
*Matt Torra(minors),2005,31,31,1s,Diamondbacks,RHP,FrRnd,Y,"$1,025,000 ",0.0,0.0,0.0,0.0,0.0,0.0,0.0,4Yr,"University of Massachusetts Amherst (Amherst, MA)"
*Chaz Roe(minors),2005,32,32,1s,Rockies,RHP,FrRnd,Y,"$1,025,000 ",1.2,245.0,11.0,8.0,3.89,1.34,3.0,HS,"Lafayette HS (Lexington, KY)"
*Ryan Tucker(minors),2005,34,34,1s,Marlins,RHP,FrRnd,Y,"$975,000 ",-1.3,18.0,2.0,3.0,8.14,1.88,0.0,HS,"Temple City HS (Temple City, CA)"
*Cesar Ramos(minors),2005,35,35,1s,Padres,LHP,FrRnd,Y,"$950,000 ",1.4,267.0,10.0,15.0,4.02,1.4,2.0,4Yr,"California State University, Long Beach (Long Beach, CA)"
*Trevor Bell(minors),2005,37,37,1s,Angels,RHP,FrRnd,Y,"$925,000 ",-1.2,54.0,4.0,8.0,5.57,1.76,0.0,HS,"Crescenta Valley HS (La Crescenta, CA)"
*Luke Hochevar(minors),2005,40,40,1s,Dodgers,RHP,FrRnd,N,0,3.7,279.0,46.0,65.0,4.98,1.34,3.0,4Yr,"University of Tennessee (Knoxville, TN)"
*Beau Jones(minors),2005,41,41,1s,Braves,LHP,FrRnd,Y,"$825,000 ",0.0,0.0,0.0,0.0,0.0,0.0,0.0,HS,"Destrehan HS (Destrehan, LA)"
*Clay Buchholz(minors),2005,42,42,1s,Red Sox,RHP,FrRnd,Y,"$800,000 ",16.8,236.0,90.0,69.0,3.98,1.3,0.0,JC,"Angelina College (Lufkin, TX)"
*Mark McCormick(minors),2005,43,43,1s,Cardinals,RHP,FrRnd,Y,"$800,000 ",0.0,0.0,0.0,0.0,0.0,0.0,0.0,4Yr,"Baylor University (Waco, TX)"
*Sean West(minors),2005,44,44,1s,Marlins,LHP,FrRnd,Y,"$775,000 ",-0.1,22.0,8.0,8.0,5.03,1.58,0.0,HS,"Captain Shreve HS (Shreveport, LA)"
*Tyler Herron(minors),2005,46,46,1s,Cardinals,RHP,FrRnd,Y,"$675,000 ",0.0,0.0,0.0,0.0,0.0,0.0,0.0,HS,"Wellington Community HS (Wellington, FL)"
*Michael Bowden(minors),2005,47,47,1s,Red Sox,RHP,FrRnd,Y,"$730,000 ",0.8,103.0,3.0,5.0,4.51,1.4,0.0,HS,"Waubonsie Valley HS (Aurora, IL)"
*Garrett Olson(minors),2005,48,48,1s,Orioles,LHP,FrRnd,Y,"$650,000 ",-2.7,104.0,14.0,22.0,6.26,1.67,1.0,4Yr,"California Polytechnic State University, San Luis Obispo (San Luis Obispo, CA)"
