,Year,RdPck,franchise_id,Name
0,2000,10,ANA,Joe Torres
1,2000,20,ANA,Chris Bootcheck
2,2000,27,HOU,Rob Stiehl
3,2000,18,TOR,Miguel Negron
4,2000,33,TOR,Dustin McGowan
5,2000,30,ATL,Scott Thorman
6,2000,38,ATL,Kelly Johnson
7,2000,40,ATL,Aaron Herr
8,2000,29,ATL,Adam Wainwright
9,2000,11,MIL,Dave Krynzel
10,2000,13,STL,Shaun Boyd
11,2000,24,STL,Blake Williams
12,2000,3,CHC,Luis Montanez
13,2000,6,TBD,Rocco Baldelli
14,2000,17,LAD,Ben Diggins
15,2000,5,NAT,Justin Wayne
16,2000,21,SFG,Boof Bonser
17,2000,26,CLE,Corey Smith
18,2000,37,CLE,Derek Thompson
19,2000,1,FLA,Adrian Gonzalez
20,2000,36,NYM,Bobby Keppel
21,2000,16,NYM,Billy Traber
22,2000,14,BAL,Beau Hale
23,2000,32,BAL,Tripper Johnson
24,2000,9,SDP,Mark Phillips
25,2000,15,PHI,Chase Utley
26,2000,19,PIT,Sean Burnett
27,2000,35,TEX,Tyrell Godwin
28,2000,39,TEX,Chad Hawkins
29,2000,25,TEX,Scott Heard
30,2000,22,BOS,Phil Dumatrait
31,2000,23,CIN,David Espinosa
32,2000,34,CIN,Dustin Moseley
33,2000,7,COL,Matt Harrington
34,2000,4,KCR,Mike Stodolka
35,2000,8,DET,Matt Wheatland
36,2000,2,MIN,Adam Johnson
37,2000,31,MIN,Aaron Heilman
38,2000,12,CHW,Joe Borchard
39,2000,28,NYY,Dave Parrish
40,2001,13,ANA,Casey Kotchman
41,2001,33,ANA,Jeff Mathis
42,2001,10,HOU,Chris Burke
43,2001,25,OAK,Bobby Crosby
44,2001,37,OAK,John Rheinecker
45,2001,26,OAK,Jeremy Bonderman
46,2001,15,TOR,Gabe Gross
47,2001,29,ATL,Josh Burrus
48,2001,40,ATL,Richard Lewis
49,2001,24,ATL,Macay McBride
50,2001,12,MIL,Mike Jones
51,2001,28,STL,Justin Pope
52,2001,2,CHC,Mark Prior
53,2001,3,TBD,Dewon Brazelton
54,2001,22,ARI,Jason Bulger
55,2001,6,NAT,Josh Karp
56,2001,30,SFG,Noah Lowry
57,2001,41,SFG,Todd Linden
58,2001,21,SFG,Brad Hennessey
59,2001,35,CLE,J.D. Martin
60,2001,43,CLE,Mike Conroy
61,2001,17,CLE,Dan Denham
62,2001,27,CLE,Alan Horne
63,2001,36,SEA,Michael Garciaparra
64,2001,38,NYM,David Wright
65,2001,18,NYM,Aaron Heilman
66,2001,7,BAL,Chris Smith
67,2001,31,BAL,Bryan Bass
68,2001,19,BAL,Mike Fontenot
69,2001,14,SDP,Jake Gautreau
70,2001,4,PHI,Gavin Floyd
71,2001,8,PIT,John Van Benschoten
72,2001,5,TEX,Mark Teixeira
73,2001,20,CIN,Jeremy Sowers
74,2001,44,COL,Jayson Nix
75,2001,9,KCR,Colt Griffin
76,2001,11,DET,Kenny Baugh
77,2001,32,DET,Michael Woods
78,2001,1,MIN,Joe Mauer
79,2001,39,CHW,Wyatt Allen
80,2001,16,CHW,Kris Honel
81,2001,34,NYY,Bronson Sardinha
82,2001,42,NYY,Jon Skaggs
83,2001,23,NYY,John-Ford Griffin
84,2002,12,ANA,Joe Saunders
85,2002,29,HOU,Derick Grigsby
86,2002,26,OAK,John McCurdy
87,2002,35,OAK,Jeremy Brown
88,2002,37,OAK,Steve Obenchain
89,2002,39,OAK,Mark Teahen
90,2002,30,OAK,Ben Fritz
91,2002,16,OAK,Nick Swisher
92,2002,24,OAK,Joe Blanton
93,2002,14,TOR,Russ Adams
94,2002,23,ATL,Jeff Francoeur
95,2002,34,ATL,Dan Meyer
96,2002,7,MIL,Prince Fielder
97,2002,21,CHC,Bobby Brownlie
98,2002,32,CHC,Luke Hagerty
99,2002,36,CHC,Chadd Blasko
100,2002,38,CHC,Matt Clanton
101,2002,2,TBD,B.J. Upton
102,2002,27,ARI,Sergio Santos
103,2002,19,LAD,James Loney
104,2002,31,LAD,Greg Miller
105,2002,5,NAT,Clint Everts
106,2002,25,SFG,Matt Cain
107,2002,22,CLE,Jeremy Guthrie
108,2002,33,CLE,Matt Whitney
109,2002,41,CLE,Micah Schilling
110,2002,28,SEA,John Mayberry
111,2002,11,FLA,Jeremy Hermida
112,2002,15,NYM,Scott Kazmir
113,2002,4,BAL,Adam Loewen
114,2002,13,SDP,Khalil Greene
115,2002,17,PHI,Cole Hamels
116,2002,1,PIT,Bryan Bullington
117,2002,10,TEX,Drew Meyer
118,2002,3,CIN,Chris Gruler
119,2002,40,CIN,Mark Schramek
120,2002,9,COL,Jeff Francis
121,2002,6,KCR,Zack Greinke
122,2002,8,DET,Scott Moore
123,2002,20,MIN,Denard Span
124,2002,18,CHW,Royce Ring
125,2003,23,ANA,Brandon Wood
126,2003,25,OAK,Brad Sullivan
127,2003,33,OAK,Omar Quintanilla
128,2003,26,OAK,Brian Snyder
129,2003,13,TOR,Aaron Hill
130,2003,35,ATL,Luis Atilano
131,2003,36,ATL,Jarrod Saltalamacchia
132,2003,2,MIL,Rickie Weeks
133,2003,28,STL,Daric Barton
134,2003,6,CHC,Ryan Harvey
135,2003,1,TBD,Delmon Young
136,2003,29,ARI,Carlos Quentin
137,2003,19,ARI,Conor Jackson
138,2003,24,LAD,Chad Billingsley
139,2003,20,NAT,Chad Cordero
140,2003,34,SFG,Craig Whitaker
141,2003,22,SFG,David Aardsma
142,2003,11,CLE,Michael Aubrey
143,2003,31,CLE,Adam Miller
144,2003,18,CLE,Brad Snyder
145,2003,37,SEA,Adam Jones
146,2003,16,FLA,Jeff Allison
147,2003,12,NYM,Lastings Milledge
148,2003,7,BAL,Nick Markakis
149,2003,4,SDP,Tim Stauffer
150,2003,8,PIT,Paul Maholm
151,2003,9,TEX,John Danks
152,2003,17,BOS,David Murphy
153,2003,32,BOS,Matt Murton
154,2003,14,CIN,Ryan Wagner
155,2003,10,COL,Ian Stewart
156,2003,5,KCR,Chris Lubanski
157,2003,30,KCR,Mitch Maier
158,2003,3,DET,Kyle Sleeth
159,2003,21,MIN,Matt Moses
160,2003,15,CHW,Brian Anderson
161,2003,27,NYY,Eric Duncan
162,2004,12,ANA,Jered Weaver
163,2004,26,OAK,Richie Robnett
164,2004,36,OAK,Danny Putnam
165,2004,40,OAK,Huston Street
166,2004,24,OAK,Landon Powell
167,2004,16,TOR,David Purcey
168,2004,32,TOR,Zach Jackson
169,2004,5,MIL,Mark Rogers
170,2004,19,STL,Chris Lambert
171,2004,4,TBD,Jeff Niemann
172,2004,15,ARI,Stephen Drew
173,2004,17,LAD,Scott Elbert
174,2004,33,LAD,Justin Orenduff
175,2004,28,LAD,Blake DeWitt
176,2004,13,NAT,Bill Bray
177,2004,6,CLE,Jeremy Sowers
178,2004,27,FLA,Taylor Tankersley
179,2004,3,NYM,Philip Humber
180,2004,8,BAL,Wade Townsend
181,2004,1,SDP,Matt Bush
182,2004,21,PHI,Greg Golson
183,2004,11,PIT,Neil Walker
184,2004,10,TEX,Thomas Diamond
185,2004,30,TEX,Eric Hurley
186,2004,7,CIN,Homer Bailey
187,2004,9,COL,Chris Nelson
188,2004,14,KCR,Billy Butler
189,2004,31,KCR,J.P. Howell
190,2004,29,KCR,Matt Campbell
191,2004,2,DET,Justin Verlander
192,2004,20,MIN,Trevor Plouffe
193,2004,35,MIN,Matt Fox
194,2004,39,MIN,Jay Rainville
195,2004,25,MIN,Kyle Waldrop
196,2004,22,MIN,Glen Perkins
197,2004,18,CHW,Josh Fields
198,2004,34,CHW,Tyler Lumsden
199,2004,38,CHW,Gio Gonzalez
200,2004,37,NYY,Jon Poterson
201,2004,41,NYY,Jeff Marquez
202,2004,23,NYY,Phil Hughes
203,2005,37,ANA,Trevor Bell
204,2005,24,HOU,Brian Bogusevic
205,2005,38,HOU,Eli Iorg
206,2005,21,OAK,Cliff Pennington
207,2005,36,OAK,Travis Buck
208,2005,6,TOR,Ricky Romero
209,2005,27,ATL,Joey Devine
210,2005,41,ATL,Beau Jones
211,2005,5,MIL,Ryan Braun
212,2005,30,STL,Tyler Greene
213,2005,43,STL,Mark McCormick
214,2005,46,STL,Tyler Herron
215,2005,28,STL,Colby Rasmus
216,2005,20,CHC,Mark Pawelek
217,2005,8,TBD,Wade Townsend
218,2005,1,ARI,Justin Upton
219,2005,31,ARI,Matt Torra
220,2005,40,LAD,Luke Hochevar
221,2005,14,CLE,Trevor Crowe
222,2005,33,CLE,Johnny Drennen
223,2005,3,SEA,Jeff Clement
224,2005,16,FLA,Chris Volstad
225,2005,34,FLA,Ryan Tucker
226,2005,44,FLA,Sean West
227,2005,22,FLA,Aaron Thompson
228,2005,29,FLA,Jacob Marceaux
229,2005,9,NYM,Mike Pelfrey
230,2005,4,WSN,Ryan Zimmerman
231,2005,13,BAL,Brandon Snyder
232,2005,48,BAL,Garrett Olson
233,2005,18,SDP,Cesar Carrillo
234,2005,35,SDP,Cesar Ramos
235,2005,11,PIT,Andrew McCutchen
236,2005,19,TEX,John Mayberry
237,2005,42,BOS,Clay Buchholz
238,2005,45,BOS,Jed Lowrie
239,2005,47,BOS,Michael Bowden
240,2005,23,BOS,Jacoby Ellsbury
241,2005,26,BOS,Craig Hansen
242,2005,12,CIN,Jay Bruce
243,2005,7,COL,Troy Tulowitzki
244,2005,32,COL,Chaz Roe
245,2005,2,KCR,Alex Gordon
246,2005,10,DET,Cameron Maybin
247,2005,25,MIN,Matt Garza
248,2005,39,MIN,Hank Sanchez
249,2005,15,CHW,Lance Broadway
250,2005,17,NYY,C.J. Henry
251,2006,25,ANA,Hank Conger
252,2006,23,HOU,Maxwell Sapp
253,2006,14,TOR,Travis Snider
254,2006,24,ATL,Cody Johnson
255,2006,38,ATL,Cory Rasmus
256,2006,43,ATL,Steve Evarts
257,2006,16,MIL,Jeremy Jeffress
258,2006,30,STL,Adam Ottavino
259,2006,42,STL,Chris Perez
260,2006,13,CHC,Tyler Colvin
261,2006,3,TBD,Evan Longoria
262,2006,11,ARI,Max Scherzer
263,2006,34,ARI,Brooks Brown
264,2006,7,LAD,Clayton Kershaw
265,2006,31,LAD,Preston Mattingly
266,2006,26,LAD,Bryan Morris
267,2006,10,SFG,Tim Lincecum
268,2006,33,SFG,Emmanuel Burriss
269,2006,39,CLE,David Huff
270,2006,5,SEA,Brandon Morrow
271,2006,19,FLA,Brett Sinkbeil
272,2006,36,FLA,Chris Coghlan
273,2006,15,WSN,Chris Marrero
274,2006,22,WSN,Colton Willems
275,2006,9,BAL,Billy Rowell
276,2006,32,BAL,Pedro Beato
277,2006,17,SDP,Matt Antonelli
278,2006,35,SDP,Kyler Burke
279,2006,37,PHI,Adrian Cardenas
280,2006,18,PHI,Kyle Drabek
281,2006,4,PIT,Brad Lincoln
282,2006,12,TEX,Kasey Kiker
283,2006,27,BOS,Jason Place
284,2006,40,BOS,Kris Johnson
285,2006,44,BOS,Caleb Clay
286,2006,28,BOS,Daniel Bard
287,2006,8,CIN,Drew Stubbs
288,2006,2,COL,Greg Reynolds
289,2006,1,KCR,Luke Hochevar
290,2006,6,DET,Andrew Miller
291,2006,20,MIN,Chris Parmelee
292,2006,29,CHW,Kyle McCulloch
293,2006,41,NYY,Joba Chamberlain
294,2006,21,NYY,Ian Kennedy
295,2007,58,ANA,Jon Bachanov
296,2007,26,OAK,James Simmons
297,2007,41,OAK,Sean Doolittle
298,2007,59,OAK,Corey Brown
299,2007,21,TOR,J.P. Arencibia
300,2007,38,TOR,Brett Cecil
301,2007,45,TOR,Justin Jackson
302,2007,56,TOR,Trystan Magnuson
303,2007,16,TOR,Kevin Ahrens
304,2007,14,ATL,Jason Heyward
305,2007,33,ATL,Jon Gilmore
306,2007,7,MIL,Matt LaPorta
307,2007,18,STL,Pete Kozma
308,2007,36,STL,Clayton Mortensen
309,2007,3,CHC,Josh Vitters
310,2007,48,CHC,Josh Donaldson
311,2007,1,TBD,David Price
312,2007,9,ARI,Jarrod Parker
313,2007,50,ARI,Wes Roemer
314,2007,61,ARI,Ed Easley
315,2007,39,LAD,James Adkins
316,2007,20,LAD,Chris Withrow
317,2007,10,SFG,Madison Bumgarner
318,2007,32,SFG,Nick Noonan
319,2007,43,SFG,Jackson Williams
320,2007,51,SFG,Charlie Culberson
321,2007,22,SFG,Tim Alderson
322,2007,29,SFG,Wendell Fairley
323,2007,13,CLE,Beau Mills
324,2007,11,SEA,Phillippe Aumont
325,2007,52,SEA,Matt Mangini
326,2007,12,FLA,Matt Dominguez
327,2007,42,NYM,Eddie Kunz
328,2007,47,NYM,Nathan Vineyard
329,2007,6,WSN,Ross Detwiler
330,2007,31,WSN,Josh Smoker
331,2007,49,WSN,Michael Burgess
332,2007,5,BAL,Matt Wieters
333,2007,23,SDP,Nick Schmidt
334,2007,40,SDP,Kellen Kulbacki
335,2007,46,SDP,Drew Cumberland
336,2007,57,SDP,Mitch Canham
337,2007,63,SDP,Cory Luebke
338,2007,64,SDP,Danny Payne
339,2007,19,PHI,Joe Savery
340,2007,37,PHI,Travis d'Arnaud
341,2007,4,PIT,Daniel Moskos
342,2007,35,TEX,Julio Borbon
343,2007,44,TEX,Neil Ramirez
344,2007,54,TEX,Tommy Hunter
345,2007,24,TEX,Michael Main
346,2007,17,TEX,Blake Beavan
347,2007,55,BOS,Nick Hagadone
348,2007,62,BOS,Ryan Dent
349,2007,15,CIN,Devin Mesoraco
350,2007,34,CIN,Todd Frazier
351,2007,53,CIN,Kyle Lotzkar
352,2007,8,COL,Casey Weathers
353,2007,2,KCR,Mike Moustakas
354,2007,27,DET,Rick Porcello
355,2007,60,DET,Brandon Hamilton
356,2007,28,MIN,Ben Revere
357,2007,25,CHW,Aaron Poreda
358,2007,30,NYY,Andrew Brackman
359,2008,10,HOU,Jason Castro
360,2008,38,HOU,Jordan Lyles
361,2008,12,OAK,Jemile Weeks
362,2008,17,TOR,David Cooper
363,2008,40,ATL,Brett DeVall
364,2008,16,MIL,Brett Lawrie
365,2008,32,MIL,Jake Odorizzi
366,2008,35,MIL,Evan Frederickson
367,2008,13,STL,Brett Wallace
368,2008,39,STL,Lance Lynn
369,2008,19,CHC,Andrew Cashner
370,2008,41,CHC,Ryan Flaherty
371,2008,26,ARI,Daniel Schlereth
372,2008,43,ARI,Wade Miley
373,2008,15,LAD,Ethan Martin
374,2008,5,SFG,Buster Posey
375,2008,37,SFG,Conor Gillaspie
376,2008,29,CLE,Lonnie Chisenhall
377,2008,20,SEA,Josh Fields
378,2008,6,FLA,Kyle Skipworth
379,2008,22,NYM,Reese Havens
380,2008,33,NYM,Bradley Holt
381,2008,18,NYM,Ike Davis
382,2008,9,WSN,Aaron Crow
383,2008,4,BAL,Brian Matusz
384,2008,23,SDP,Allan Dykstra
385,2008,42,SDP,Jaff Decker
386,2008,46,SDP,Logan Forsythe
387,2008,24,PHI,Anthony Hewitt
388,2008,34,PHI,Zach Collier
389,2008,2,PIT,Pedro Alvarez
390,2008,11,TEX,Justin Smoak
391,2008,1,TBD,Tim Beckham
392,2008,30,BOS,Casey Kelly
393,2008,45,BOS,Bryan Price
394,2008,7,CIN,Yonder Alonso
395,2008,25,COL,Christian Friedrich
396,2008,3,KCR,Eric Hosmer
397,2008,36,KCR,Mike Montgomery
398,2008,21,DET,Ryan Perry
399,2008,14,MIN,Aaron Hicks
400,2008,31,MIN,Shooter Hunt
401,2008,27,MIN,Carlos Gutierrez
402,2008,8,CHW,Gordon Beckham
403,2008,28,NYY,Gerrit Cole
404,2008,44,NYY,Jeremy Bleich
405,2009,40,ANA,Tyler Skaggs
406,2009,42,ANA,Garrett Richards
407,2009,48,ANA,Tyler Kehrer
408,2009,24,ANA,Randal Grichuk
409,2009,25,ANA,Mike Trout
410,2009,21,HOU,Jiovanni Mier
411,2009,13,OAK,Grant Green
412,2009,20,TOR,Chad Jenkins
413,2009,37,TOR,James Paxton
414,2009,7,ATL,Mike Minor
415,2009,26,MIL,Eric Arnett
416,2009,39,MIL,Kentrail Davis
417,2009,47,MIL,Kyle Heckathorn
418,2009,19,STL,Shelby Miller
419,2009,31,CHC,Brett Jackson
420,2009,16,ARI,Bobby Borchering
421,2009,35,ARI,Matt Davidson
422,2009,41,ARI,Chris Owings
423,2009,45,ARI,Mike Belfiore
424,2009,17,ARI,AJ Pollock
425,2009,36,LAD,Aaron Miller
426,2009,6,SFG,Zack Wheeler
427,2009,15,CLE,Alex White
428,2009,2,SEA,Dustin Ackley
429,2009,33,SEA,Steven Baron
430,2009,27,SEA,Nick Franklin
431,2009,18,FLA,Chad James
432,2009,1,WSN,Stephen Strasburg
433,2009,10,WSN,Drew Storen
434,2009,5,BAL,Matt Hobgood
435,2009,3,SDP,Donavan Tate
436,2009,4,PIT,Tony Sanchez
437,2009,49,PIT,Vic Black
438,2009,14,TEX,Matt Purke
439,2009,44,TEX,Tanner Scheppers
440,2009,30,TBD,LeVon Washington
441,2009,28,BOS,Rey Fuentes
442,2009,8,CIN,Mike Leake
443,2009,43,CIN,Brad Boxberger
444,2009,11,COL,Tyler Matzek
445,2009,34,COL,Rex Brothers
446,2009,32,COL,Tim Wheeler
447,2009,12,KCR,Aaron Crow
448,2009,9,DET,Jacob Turner
449,2009,22,MIN,Kyle Gibson
450,2009,46,MIN,Matt Bashore
451,2009,23,CHW,Jared Mitchell
452,2009,38,CHW,Josh Phegley
453,2009,29,NYY,Slade Heathcott
454,2010,30,ANA,Chevy Clarke
455,2010,37,ANA,Taylor Lindsey
456,2010,40,ANA,Ryan Bolden
457,2010,18,ANA,Kaleb Cowart
458,2010,29,ANA,Cam Bedrosian
459,2010,8,HOU,Delino DeShields
460,2010,33,HOU,Mike Kvasnicka
461,2010,19,HOU,Mike Foltynewicz
462,2010,10,OAK,Michael Choice
463,2010,11,TOR,Deck McGuire
464,2010,34,TOR,Aaron Sanchez
465,2010,38,TOR,Noah Syndergaard
466,2010,41,TOR,Asher Wojciechowski
467,2010,35,ATL,Matt Lipka
468,2010,14,MIL,Dylan Covey
469,2010,25,STL,Zack Cox
470,2010,46,STL,Seth Blair
471,2010,50,STL,Tyrell Jenkins
472,2010,16,CHC,Hayden Simpson
473,2010,6,ARI,Barret Loux
474,2010,28,LAD,Zach Lee
475,2010,24,SFG,Gary Brown
476,2010,5,CLE,Drew Pomeranz
477,2010,43,SEA,Taijuan Walker
478,2010,23,FLA,Christian Yelich
479,2010,7,NYM,Matt Harvey
480,2010,1,WSN,Bryce Harper
481,2010,3,BAL,Manny Machado
482,2010,9,SDP,Karsten Whitson
483,2010,27,PHI,Jesse Biddle
484,2010,2,PIT,Jameson Taillon
485,2010,15,TEX,Jake Skole
486,2010,22,TEX,Kellin Deglan
487,2010,45,TEX,Luke Jackson
488,2010,49,TEX,Mike Olt
489,2010,17,TBD,Josh Sale
490,2010,31,TBD,Justin O'Conner
491,2010,42,TBD,Drew Vettleson
492,2010,36,BOS,Bryce Brentz
493,2010,39,BOS,Anthony Ranaudo
494,2010,20,BOS,Kolbrin Vitek
495,2010,12,CIN,Yasmani Grandal
496,2010,26,COL,Kyle Parker
497,2010,47,COL,Pete Tago
498,2010,4,KCR,Christian Colon
499,2010,44,DET,Nick Castellanos
500,2010,48,DET,Chance Ruffin
501,2010,21,MIN,Alex Wimmers
502,2010,13,CHW,Chris Sale
503,2010,32,NYY,Cito Culver
504,2011,17,ANA,C.J. Cron
505,2011,11,HOU,George Springer
506,2011,18,OAK,Sonny Gray
507,2011,21,TOR,Tyler Beede
508,2011,35,TOR,Jacob Anderson
509,2011,46,TOR,Joe Musgrove
510,2011,53,TOR,Dwight Smith Jr.
511,2011,57,TOR,Kevin Comer
512,2011,28,ATL,Sean Gilmartin
513,2011,12,MIL,Taylor Jungmann
514,2011,15,MIL,Jed Bradley
515,2011,22,STL,Kolten Wong
516,2011,9,CHC,Javier Baez
517,2011,3,ARI,Trevor Bauer
518,2011,7,ARI,Archie Bradley
519,2011,43,ARI,Andrew Chafin
520,2011,16,LAD,Chris Reed
521,2011,29,SFG,Joe Panik
522,2011,49,SFG,Kyle Crick
523,2011,8,CLE,Francisco Lindor
524,2011,2,SEA,Danny Hultzen
525,2011,14,FLA,Jose Fernandez
526,2011,13,NYM,Brandon Nimmo
527,2011,44,NYM,Michael Fulmer
528,2011,6,WSN,Anthony Rendon
529,2011,34,WSN,Brian Goodwin
530,2011,23,WSN,Alex Meyer
531,2011,4,BAL,Dylan Bundy
532,2011,10,SDP,Cory Spangenberg
533,2011,25,SDP,Joe Ross
534,2011,48,SDP,Michael Kelly
535,2011,54,SDP,Brett Austin
536,2011,58,SDP,Jace Peterson
537,2011,39,PHI,Larry Greene
538,2011,1,PIT,Gerrit Cole
539,2011,37,TEX,Zach Cone
540,2011,33,TEX,Kevin Matthews
541,2011,32,TBD,Jake Hager
542,2011,38,TBD,Brandon Martin
543,2011,41,TBD,Tyler Goeddel
544,2011,42,TBD,Jeff Ames
545,2011,52,TBD,Blake Snell
546,2011,56,TBD,Kes Carter
547,2011,59,TBD,Grayson Garvin
548,2011,60,TBD,James Harris
549,2011,24,TBD,Taylor Guerrieri
550,2011,31,TBD,Mikie Mahtook
551,2011,36,BOS,Henry Owens
552,2011,40,BOS,Jackie Bradley Jr.
553,2011,26,BOS,Blake Swihart
554,2011,19,BOS,Matt Barnes
555,2011,27,CIN,Robert Stephenson
556,2011,20,COL,Tyler Anderson
557,2011,45,COL,Trevor Story
558,2011,5,KCR,Bubba Starling
559,2011,30,MIN,Levi Michael
560,2011,50,MIN,Travis Harrison
561,2011,55,MIN,Hudson Boyd
562,2011,47,CHW,Keenyn Walker
563,2011,51,NYY,Dante Bichette
564,2012,1,HOU,Carlos Correa
565,2012,41,HOU,Lance McCullers Jr.
566,2012,11,OAK,Addison Russell
567,2012,34,OAK,Daniel Robertson
568,2012,47,OAK,Matt Olson
569,2012,17,TOR,D.J. Davis
570,2012,22,TOR,Marcus Stroman
571,2012,50,TOR,Matt Smoral
572,2012,58,TOR,Mitch Nay
573,2012,60,TOR,Tyler Gonzales
574,2012,21,ATL,Lucas Sims
575,2012,28,MIL,Victor Roache
576,2012,38,MIL,Mitch Haniger
577,2012,27,MIL,Clint Coulter
578,2012,23,STL,James Ramsey
579,2012,36,STL,Stephen Piscotty
580,2012,52,STL,Patrick Wisdom
581,2012,59,STL,Steve Bean
582,2012,19,STL,Michael Wacha
583,2012,6,CHC,Albert Almora
584,2012,43,CHC,Pierce Johnson
585,2012,56,CHC,Paul Blackburn
586,2012,26,ARI,Stryker Trahan
587,2012,18,LAD,Corey Seager
588,2012,51,LAD,Jesmuel Valentin
589,2012,20,SFG,Chris Stratton
590,2012,15,CLE,Tyler Naquin
591,2012,3,SEA,Mike Zunino
592,2012,9,FLA,Andrew Heaney
593,2012,12,NYM,Gavin Cecchini
594,2012,35,NYM,Kevin Plawecki
595,2012,16,WSN,Lucas Giolito
596,2012,4,BAL,Kevin Gausman
597,2012,7,SDP,Max Fried
598,2012,33,SDP,Zach Eflin
599,2012,44,SDP,Travis Jankowski
600,2012,55,SDP,Walker Weickel
601,2012,40,PHI,Shane Watson
602,2012,54,PHI,Mitch Gueller
603,2012,8,PIT,Mark Appel
604,2012,45,PIT,Barrett Barnes
605,2012,29,TEX,Lewis Brinson
606,2012,39,TEX,Joey Gallo
607,2012,53,TEX,Collin Wiles
608,2012,25,TBD,Richie Shaffer
609,2012,24,BOS,Deven Marrero
610,2012,31,BOS,Brian Johnson
611,2012,37,BOS,Pat Light
612,2012,14,CIN,Nick Travieso
613,2012,49,CIN,Jesse Winker
614,2012,57,CIN,Jeff Gelalich
615,2012,10,COL,David Dahl
616,2012,46,COL,Eddie Butler
617,2012,5,KCR,Kyle Zimmer
618,2012,2,MIN,Byron Buxton
619,2012,32,MIN,Jose Berrios
620,2012,42,MIN,Luke Bard
621,2012,13,CHW,Courtney Hawkins
622,2012,48,CHW,Keon Barnum
623,2012,30,NYY,Ty Hensley
624,2013,1,HOU,Mark Appel
625,2013,24,OAK,Billy McKinney
626,2013,10,TOR,Phil Bickford
627,2013,31,ATL,Jason Hursh
628,2013,19,STL,Marco Gonzales
629,2013,28,STL,Rob Kaminsky
630,2013,2,CHC,Kris Bryant
631,2013,15,ARI,Braden Shipley
632,2013,36,ARI,Aaron Blair
633,2013,18,LAD,Chris Anderson
634,2013,25,SFG,Christian Arroyo
635,2013,5,CLE,Jackson Frazier
636,2013,12,SEA,D.J. Peterson
637,2013,6,FLA,Colin Moran
638,2013,35,FLA,Matt Krook
639,2013,11,NYM,Dominic Smith
640,2013,22,BAL,Hunter Harvey
641,2013,37,BAL,Josh Hart
642,2013,13,SDP,Hunter Renfroe
643,2013,16,PHI,J.P. Crawford
644,2013,9,PIT,Austin Meadows
645,2013,14,PIT,Reese McGuire
646,2013,23,TEX,Chi Chi Gonzalez
647,2013,30,TEX,Travis Demeritte
648,2013,21,TBD,Nick Ciuffo
649,2013,29,TBD,Ryne Stanek
650,2013,7,BOS,Trey Ball
651,2013,27,CIN,Phil Ervin
652,2013,38,CIN,Michael Lorenzen
653,2013,3,COL,Jon Gray
654,2013,8,KCR,Hunter Dozier
655,2013,34,KCR,Sean Manaea
656,2013,20,DET,Jonathon Crawford
657,2013,39,DET,Corey Knebel
658,2013,4,MIN,Kohl Stewart
659,2013,17,CHW,Tim Anderson
660,2013,26,NYY,Eric Jagielo
661,2013,32,NYY,Aaron Judge
662,2013,33,NYY,Ian Clarkin
663,2014,15,ANA,Sean Newcomb
664,2014,1,HOU,Brady Aiken
665,2014,37,HOU,Derek Fisher
666,2014,25,OAK,Matt Chapman
667,2014,9,TOR,Jeff Hoffman
668,2014,11,TOR,Max Pentecost
669,2014,32,ATL,Braxton Davidson
670,2014,12,MIL,Kodi Medeiros
671,2014,41,MIL,Jake Gatewood
672,2014,27,STL,Luke Weaver
673,2014,34,STL,Jack Flaherty
674,2014,4,CHC,Kyle Schwarber
675,2014,16,ARI,Touki Toussaint
676,2014,22,LAD,Grant Holmes
677,2014,14,SFG,Tyler Beede
678,2014,21,CLE,Bradley Zimmer
679,2014,31,CLE,Justus Sheffield
680,2014,38,CLE,Mike Papi
681,2014,6,SEA,Alex Jackson
682,2014,2,FLA,Tyler Kolek
683,2014,36,FLA,Blake Anderson
684,2014,10,NYM,Michael Conforto
685,2014,18,WSN,Erick Fedde
686,2014,13,SDP,Trea Turner
687,2014,7,PHI,Aaron Nola
688,2014,24,PIT,Cole Tucker
689,2014,39,PIT,Connor Joe
690,2014,30,TEX,Luis Ortiz
691,2014,20,TBD,Casey Gillaspie
692,2014,26,BOS,Michael Chavis
693,2014,33,BOS,Michael Kopech
694,2014,19,CIN,Nick Howard
695,2014,29,CIN,Alex Blandino
696,2014,8,COL,Kyle Freeland
697,2014,35,COL,Forrest Wall
698,2014,17,KCR,Brandon Finnegan
699,2014,28,KCR,Foster Griffin
700,2014,40,KCR,Chase Vallot
701,2014,23,DET,Derek Hill
702,2014,5,MIN,Nick Gordon
703,2014,3,CHW,Carlos Rodon
704,2015,26,ANA,Taylor Ward
705,2015,2,HOU,Alex Bregman
706,2015,5,HOU,Kyle Tucker
707,2015,37,HOU,Daz Cameron
708,2015,20,OAK,Richie Martin
709,2015,29,TOR,Jon Harris
710,2015,14,ATL,Kolby Allard
711,2015,28,ATL,Mike Soroka
712,2015,41,ATL,Austin Riley
713,2015,15,MIL,Trent Grisham
714,2015,40,MIL,Nathan Kirby
715,2015,23,STL,Nick Plummer
716,2015,39,STL,Jake Woodford
717,2015,9,CHC,Ian Happ
718,2015,1,ARI,Dansby Swanson
719,2015,24,LAD,Walker Buehler
720,2015,35,LAD,Kyle Funkhouser
721,2015,18,SFG,Phil Bickford
722,2015,31,SFG,Chris Shaw
723,2015,17,CLE,Brady Aiken
724,2015,42,CLE,Triston McKenzie
725,2015,12,FLA,Josh Naylor
726,2015,25,BAL,DJ Stewart
727,2015,36,BAL,Ryan Mountcastle
728,2015,10,PHI,Cornelius Randolph
729,2015,19,PIT,Kevin Newman
730,2015,32,PIT,Ke'Bryan Hayes
731,2015,4,TEX,Dillon Tate
732,2015,13,TBD,Garrett Whitley
733,2015,7,BOS,Andrew Benintendi
734,2015,11,CIN,Tyler Stephenson
735,2015,3,COL,Brendan Rodgers
736,2015,27,COL,Mike Nikorak
737,2015,38,COL,Tyler Nevin
738,2015,21,KCR,Ashe Russell
739,2015,33,KCR,Nolan Watson
740,2015,22,DET,Beau Burrows
741,2015,34,DET,Christin Stewart
742,2015,6,MIN,Tyler Jay
743,2015,8,CHW,Carson Fulmer
744,2015,16,NYY,James Kaprielian
745,2015,30,NYY,Kyle Holder
